student_id,student_name,study_hours,attendance,previous_score,sleep_hours,parental_education,gender,extra_curricular,final_score,risk_level
STU0001,Siddharth Reddy,20.4,65.4,70.5,8.7,Master's Degree,Male,No,49.2,High Risk
STU0002,Aarav Joshi,16.9,70.2,67.8,7.8,Bachelor's Degree,Male,Yes,66.0,Medium Risk
STU0003,Vivaan Reddy,30.0,91.8,84.1,7.7,Bachelor's Degree,Male,No,71.7,Medium Risk
STU0004,Myra Verma,11.9,80.7,74.0,7.8,Associate Degree,Female,Yes,70.5,Medium Risk
STU0005,Rahul Gupta,15.0,62.5,72.9,7.6,Associate Degree,Male,No,68.1,Medium Risk
STU0006,Pooja Kumar,21.1,76.5,89.6,6.8,Associate Degree,Female,No,71.9,Medium Risk
STU0007,Neha Menon,23.5,100.0,97.4,8.1,Bachelor's Degree,Female,Yes,81.9,Low Risk
STU0008,Aditya Desai,23.0,68.9,79.0,5.1,Associate Degree,Male,Yes,63.3,Medium Risk
STU0009,Meera Singh,23.5,85.3,70.2,5.8,Master's Degree,Female,No,61.4,High Risk
STU0010,Pooja Das,16.3,100.0,69.0,8.7,High School,Female,Yes,75.1,Medium Risk
STU0011,Siddharth Singh,15.4,89.0,73.0,6.2,Bachelor's Degree,Male,No,73.8,Medium Risk
STU0012,Pooja Verma,19.9,71.4,72.0,6.5,Bachelor's Degree,Female,No,66.0,Medium Risk
STU0013,Ananya Kumar,20.2,93.1,85.4,4.9,Associate Degree,Female,Yes,78.9,Medium Risk
STU0014,Neha Nair,10.2,96.8,82.2,8.0,High School,Female,Yes,74.3,Medium Risk
STU0015,Rahul Rao,18.8,75.2,43.5,7.3,Associate Degree,Male,Yes,52.7,High Risk
STU0016,Ishaan Desai,21.6,75.2,82.2,7.8,Bachelor's Degree,Male,Yes,69.4,Medium Risk
STU0017,Saanvi Das,11.5,93.7,80.8,8.0,Associate Degree,Female,Yes,71.6,Medium Risk
STU0018,Karthik Iyer,9.3,94.0,80.5,7.0,Bachelor's Degree,Male,Yes,71.0,Medium Risk
STU0019,Isha Mehta,7.4,84.0,71.5,9.1,Bachelor's Degree,Female,Yes,62.1,Medium Risk
STU0020,Sameer Menon,14.5,86.0,74.4,6.0,Associate Degree,Male,Yes,68.3,Medium Risk
STU0021,Reyansh Desai,19.4,100.0,75.0,7.5,Associate Degree,Male,No,70.7,Medium Risk
STU0022,Anjali Verma,16.1,80.2,79.9,7.4,Bachelor's Degree,Female,No,73.8,Medium Risk
STU0023,Varun Mehta,12.5,84.8,82.1,9.0,Bachelor's Degree,Male,Yes,76.8,Medium Risk
STU0024,Rohan Desai,18.8,94.1,70.2,9.2,High School,Male,Yes,72.9,Medium Risk
STU0025,Zoya Desai,18.6,73.1,76.8,7.3,Bachelor's Degree,Female,No,63.6,Medium Risk
STU0026,Reyansh Chatterjee,11.9,100.0,86.3,7.3,Master's Degree,Male,Yes,80.0,Low Risk
STU0027,Jaya Sharma,12.7,77.8,74.8,6.6,Associate Degree,Female,No,62.0,Medium Risk
STU0028,Simran Kapoor,12.1,68.9,79.6,5.4,Bachelor's Degree,Female,Yes,67.0,Medium Risk
STU0029,Raj Bhat,24.2,82.5,85.7,6.8,High School,Male,No,73.9,Medium Risk
STU0030,Raj Reddy,20.4,89.0,55.2,7.1,Associate Degree,Male,Yes,58.3,High Risk
STU0031,Sameer Menon,30.7,100.0,83.0,5.5,Bachelor's Degree,Male,Yes,73.7,Medium Risk
STU0032,Krishna Mehta,7.8,80.9,88.0,5.5,Master's Degree,Male,No,76.9,Medium Risk
STU0033,Aditya Joshi,10.3,68.5,81.1,7.5,Master's Degree,Male,No,62.2,Medium Risk
STU0034,Nisha Joshi,24.2,76.1,95.3,6.7,Bachelor's Degree,Female,Yes,77.3,Medium Risk
STU0035,Vivaan Rao,22.8,80.5,85.3,7.9,Master's Degree,Male,Yes,69.8,Medium Risk
STU0036,Karthik Nair,17.4,87.6,67.5,7.9,High School,Male,No,58.4,High Risk
STU0037,Kavya Chatterjee,19.8,74.7,93.7,8.8,Bachelor's Degree,Female,Yes,73.1,Medium Risk
STU0038,Ira Kapoor,14.0,89.9,85.0,6.8,Bachelor's Degree,Female,No,73.9,Medium Risk
STU0039,Varun Reddy,6.2,92.0,81.8,6.1,Associate Degree,Male,Yes,79.1,Medium Risk
STU0040,Krishna Mehta,16.0,71.8,93.2,6.9,Associate Degree,Male,Yes,65.7,Medium Risk
STU0041,Sneha Kumar,18.5,81.3,79.9,7.5,Associate Degree,Female,No,67.4,Medium Risk
STU0042,Rohan Gupta,16.8,95.5,77.6,7.4,Bachelor's Degree,Male,No,70.6,Medium Risk
STU0043,Pooja Menon,18.0,80.4,69.2,5.5,High School,Female,No,65.2,Medium Risk
STU0044,Simran Pillai,14.9,97.2,73.7,7.2,High School,Female,Yes,65.7,Medium Risk
STU0045,Kavya Rao,31.4,81.5,65.3,7.4,Master's Degree,Female,Yes,72.9,Medium Risk
STU0046,Yash Das,15.7,69.2,87.0,6.5,High School,Male,No,69.1,Medium Risk
STU0047,Rahul Chatterjee,25.1,100.0,50.5,7.9,Bachelor's Degree,Male,Yes,64.3,Medium Risk
STU0048,Vihaan Kapoor,23.3,90.5,100.0,7.0,High School,Male,Yes,79.6,Medium Risk
STU0049,Ananya Bhat,15.2,65.4,100.0,8.9,High School,Female,Yes,75.1,Medium Risk
STU0050,Saanvi Kumar,22.2,91.8,74.8,8.4,Master's Degree,Female,No,71.8,Medium Risk
STU0051,Dev Gupta,12.6,100.0,76.0,7.7,Associate Degree,Male,No,74.1,Medium Risk
STU0052,Pooja Verma,17.8,97.1,68.6,6.5,Master's Degree,Female,No,70.7,Medium Risk
STU0053,Dev Mehta,14.1,80.8,99.7,7.5,Bachelor's Degree,Male,Yes,88.2,Low Risk
STU0054,Diya Sharma,27.5,95.8,77.4,7.6,High School,Female,No,70.5,Medium Risk
STU0055,Simran Patel,10.9,73.9,74.5,7.8,Associate Degree,Female,No,62.4,Medium Risk
STU0056,Priya Verma,23.2,97.1,68.8,7.1,Master's Degree,Female,No,63.8,Medium Risk
STU0057,Nikhil Das,23.9,82.8,90.1,7.4,Master's Degree,Male,No,78.6,Medium Risk
STU0058,Anjali Rao,22.1,96.2,94.0,7.7,Bachelor's Degree,Female,No,88.0,Low Risk
STU0059,Siddharth Iyer,24.3,98.4,100.0,6.4,Associate Degree,Male,Yes,82.3,Low Risk
STU0060,Krishna Anderson,17.7,89.5,73.7,6.0,High School,Male,Yes,69.1,Medium Risk
STU0061,Siddharth Mehta,12.2,100.0,76.2,5.7,Associate Degree,Male,Yes,74.7,Medium Risk
STU0062,Riya Iyer,22.0,59.3,88.7,6.0,High School,Female,Yes,63.1,Medium Risk
STU0063,Rahul Mehta,16.8,65.1,99.8,8.2,Master's Degree,Male,No,65.6,Medium Risk
STU0064,Ira Gupta,15.5,100.0,77.8,7.4,Associate Degree,Female,No,78.5,Medium Risk
STU0065,Vihaan Kapoor,22.5,90.7,64.7,6.9,High School,Male,No,67.8,Medium Risk
STU0066,Aryan Patel,25.9,91.7,67.3,6.4,Associate Degree,Male,Yes,64.5,Medium Risk
STU0067,Ira Anderson,17.0,70.0,80.0,8.4,Associate Degree,Female,Yes,71.4,Medium Risk
STU0068,Vihaan Anderson,17.4,87.5,99.9,8.4,Master's Degree,Male,Yes,88.8,Low Risk
STU0069,Simran Iyer,17.0,89.2,97.1,5.9,Bachelor's Degree,Female,No,81.9,Low Risk
STU0070,Tanvi Sharma,22.8,65.3,82.8,8.2,Bachelor's Degree,Female,Yes,65.3,Medium Risk
STU0071,Rahul Kapoor,13.9,98.6,78.5,6.2,Bachelor's Degree,Male,Yes,78.5,Medium Risk
STU0072,Simran Anderson,9.4,58.0,93.2,5.0,Bachelor's Degree,Female,No,62.9,Medium Risk
STU0073,Kabir Rao,19.9,57.6,72.1,6.3,Associate Degree,Male,No,58.8,High Risk
STU0074,Tanvi Gupta,12.2,99.8,95.8,7.4,Bachelor's Degree,Female,Yes,74.3,Medium Risk
STU0075,Dev Verma,15.5,75.8,81.5,7.3,Associate Degree,Male,Yes,63.7,Medium Risk
STU0076,Sneha Reddy,19.2,93.4,64.3,5.3,Associate Degree,Female,No,71.8,Medium Risk
STU0077,Sneha Das,24.2,57.6,79.2,7.8,Associate Degree,Female,No,66.0,Medium Risk
STU0078,Rahul Bhat,14.4,84.7,68.4,6.3,Bachelor's Degree,Male,Yes,61.5,High Risk
STU0079,Ishaan Sharma,12.6,100.0,99.2,6.6,Bachelor's Degree,Male,No,79.4,Medium Risk
STU0080,Varun Joshi,14.9,74.5,68.2,8.7,Associate Degree,Male,No,61.0,High Risk
STU0081,Vivaan Desai,14.1,97.9,77.0,7.7,Bachelor's Degree,Male,Yes,73.3,Medium Risk
STU0082,Aryan Das,23.8,87.2,92.1,8.3,Associate Degree,Male,Yes,79.3,Medium Risk
STU0083,Arjun Reddy,19.6,81.0,68.4,7.3,Bachelor's Degree,Male,No,65.0,Medium Risk
STU0084,Siddharth Menon,14.7,87.4,88.8,6.7,High School,Male,Yes,78.0,Medium Risk
STU0085,Krishna Iyer,16.3,88.8,100.0,7.8,Bachelor's Degree,Male,No,77.1,Medium Risk
STU0086,Dev Gupta,9.3,70.5,70.9,6.4,Master's Degree,Male,Yes,59.9,High Risk
STU0087,Ira Reddy,20.5,87.0,89.4,7.4,High School,Female,No,74.5,Medium Risk
STU0088,Pooja Reddy,28.2,88.5,83.5,6.8,Associate Degree,Female,Yes,88.7,Low Risk
STU0089,Aryan Mehta,13.1,79.8,62.4,6.4,Associate Degree,Male,No,59.5,High Risk
STU0090,Karthik Mehta,21.4,93.2,80.7,7.5,Master's Degree,Male,Yes,79.1,Medium Risk
STU0091,Rohan Bhat,26.6,76.1,54.1,8.1,High School,Male,Yes,55.6,High Risk
STU0092,Aarav Mehta,23.9,75.2,61.6,8.2,High School,Male,No,53.4,High Risk
STU0093,Nisha Pillai,11.0,87.1,88.2,6.4,Bachelor's Degree,Female,Yes,83.7,Low Risk
STU0094,Dev Iyer,19.1,64.1,79.6,8.2,Associate Degree,Male,Yes,61.0,High Risk
STU0095,Zoya Das,26.8,71.1,94.1,6.0,Master's Degree,Female,No,66.5,Medium Risk
STU0096,Diya Das,14.9,88.0,84.1,6.4,High School,Female,No,79.9,Medium Risk
STU0097,Jaya Bhat,17.6,67.3,90.0,7.6,Master's Degree,Female,Yes,58.5,High Risk
STU0098,Tanvi Anderson,16.3,81.2,77.8,8.6,Master's Degree,Female,No,63.5,Medium Risk
STU0099,Pooja Menon,30.1,82.6,83.8,7.4,Bachelor's Degree,Female,Yes,71.3,Medium Risk
STU0100,Tanvi Singh,26.3,94.9,54.5,6.7,Master's Degree,Female,Yes,64.3,Medium Risk
STU0101,Varun Desai,13.1,99.2,62.1,8.0,Master's Degree,Male,No,66.4,Medium Risk
STU0102,Arjun Bhat,24.4,73.9,62.1,6.5,Associate Degree,Male,No,53.4,High Risk
STU0103,Tanvi Desai,17.9,79.2,78.3,7.2,Bachelor's Degree,Female,Yes,64.3,Medium Risk
STU0104,Raj Chatterjee,23.2,79.8,72.5,6.5,Bachelor's Degree,Male,Yes,66.6,Medium Risk
STU0105,Aditi Iyer,14.7,100.0,88.8,6.5,High School,Female,No,83.7,Low Risk
STU0106,Aarav Pillai,18.2,80.8,92.7,8.2,Bachelor's Degree,Male,Yes,82.0,Low Risk
STU0107,Ishaan Anderson,19.5,75.1,87.8,7.7,Master's Degree,Male,Yes,70.2,Medium Risk
STU0108,Saanvi Rao,13.4,100.0,78.6,6.5,Bachelor's Degree,Female,Yes,72.2,Medium Risk
STU0109,Pooja Joshi,17.0,100.0,79.5,8.4,Associate Degree,Female,No,76.6,Medium Risk
STU0110,Pooja Iyer,13.9,98.1,85.4,6.6,Bachelor's Degree,Female,Yes,68.6,Medium Risk
STU0111,Diya Verma,17.7,100.0,82.4,7.5,Master's Degree,Female,Yes,74.0,Medium Risk
STU0112,Vivaan Gupta,24.8,79.8,77.9,8.8,Master's Degree,Male,Yes,68.1,Medium Risk
STU0113,Anjali Kapoor,22.8,74.2,64.3,6.1,Bachelor's Degree,Female,Yes,59.3,High Risk
STU0114,Krishna Mehta,14.5,74.5,97.0,7.5,Associate Degree,Male,No,72.2,Medium Risk
STU0115,Aryan Pillai,14.1,98.2,75.6,4.8,Master's Degree,Male,No,72.6,Medium Risk
STU0116,Vivaan Kumar,17.9,80.7,91.2,4.0,Associate Degree,Male,Yes,71.4,Medium Risk
STU0117,Ishaan Anderson,15.1,100.0,79.3,6.6,High School,Male,Yes,78.3,Medium Risk
STU0118,Siddharth Singh,22.3,80.4,83.8,5.5,Bachelor's Degree,Male,Yes,78.0,Medium Risk
STU0119,Anjali Desai,13.4,79.7,73.9,6.7,Bachelor's Degree,Female,Yes,68.6,Medium Risk
STU0120,Arjun Pillai,15.3,76.4,72.6,6.5,High School,Male,Yes,66.6,Medium Risk
STU0121,Raj Kapoor,26.4,94.4,74.5,7.0,Bachelor's Degree,Male,No,76.1,Medium Risk
STU0122,Arjun Patel,22.0,78.1,74.1,7.0,Master's Degree,Male,Yes,58.2,High Risk
STU0123,Raj Desai,12.4,59.9,72.5,7.6,Associate Degree,Male,No,59.1,High Risk
STU0124,Aditya Das,13.4,61.2,73.9,8.1,Master's Degree,Male,Yes,57.0,High Risk
STU0125,Aditya Joshi,28.2,71.5,69.6,7.2,Bachelor's Degree,Male,Yes,63.2,Medium Risk
STU0126,Reyansh Iyer,22.8,81.8,66.0,7.6,Master's Degree,Male,No,68.3,Medium Risk
STU0127,Arjun Nair,23.7,87.6,68.4,7.2,Bachelor's Degree,Male,No,68.4,Medium Risk
STU0128,Raj Joshi,17.2,93.9,55.1,7.7,Master's Degree,Male,No,66.1,Medium Risk
STU0129,Ishaan Patel,18.7,59.2,86.7,6.9,Master's Degree,Male,Yes,60.1,High Risk
STU0130,Aditi Kumar,29.4,74.8,77.1,6.5,Bachelor's Degree,Female,Yes,67.1,Medium Risk
STU0131,Aditi Reddy,28.8,57.8,82.2,6.3,Bachelor's Degree,Female,Yes,66.9,Medium Risk
STU0132,Reyansh Desai,17.0,90.6,89.4,7.3,Master's Degree,Male,No,78.7,Medium Risk
STU0133,Reyansh Chatterjee,25.3,82.9,90.0,6.2,Bachelor's Degree,Male,Yes,81.4,Low Risk
STU0134,Diya Verma,22.7,94.9,87.8,7.0,Bachelor's Degree,Female,Yes,74.4,Medium Risk
STU0135,Anjali Desai,20.7,88.7,47.3,7.2,High School,Female,No,60.3,High Risk
STU0136,Krishna Desai,17.7,95.0,100.0,6.9,Associate Degree,Male,Yes,76.1,Medium Risk
STU0137,Siddharth Joshi,22.5,89.2,69.6,8.6,Bachelor's Degree,Male,No,68.9,Medium Risk
STU0138,Jaya Iyer,19.6,100.0,80.0,7.6,Associate Degree,Female,Yes,75.2,Medium Risk
STU0139,Nisha Pillai,30.9,63.2,83.9,5.4,Bachelor's Degree,Female,Yes,61.0,High Risk
STU0140,Pooja Gupta,15.6,98.0,99.4,6.2,High School,Female,Yes,80.9,Low Risk
STU0141,Ira Bhat,16.1,57.5,79.6,9.1,Associate Degree,Female,Yes,61.5,High Risk
STU0142,Ishaan Iyer,17.1,80.7,94.9,7.1,Bachelor's Degree,Male,No,81.7,Low Risk
STU0143,Neha Pillai,22.7,92.0,72.9,6.2,Master's Degree,Female,Yes,67.3,Medium Risk
STU0144,Aarav Rao,21.5,100.0,77.0,6.8,High School,Male,No,73.1,Medium Risk
STU0145,Ananya Rao,13.9,82.9,89.6,7.2,Master's Degree,Female,Yes,76.2,Medium Risk
STU0146,Isha Singh,22.1,82.7,76.4,6.1,Associate Degree,Female,No,63.5,Medium Risk
STU0147,Aryan Gupta,33.7,56.2,89.0,5.3,Associate Degree,Male,Yes,63.2,Medium Risk
STU0148,Siddharth Reddy,23.9,100.0,97.5,6.2,Bachelor's Degree,Male,Yes,88.9,Low Risk
STU0149,Priya Mehta,20.9,97.0,65.2,7.7,Associate Degree,Female,Yes,66.8,Medium Risk
STU0150,Raj Desai,20.8,94.6,66.7,6.7,Master's Degree,Male,Yes,68.3,Medium Risk
STU0151,Priya Gupta,19.6,71.3,72.1,9.2,High School,Female,Yes,65.8,Medium Risk
STU0152,Sneha Reddy,21.3,49.9,68.6,8.0,High School,Female,No,46.6,High Risk
STU0153,Siddharth Verma,15.4,91.4,92.3,7.9,Associate Degree,Male,Yes,80.7,Low Risk
STU0154,Dev Joshi,20.2,86.8,73.7,6.8,Master's Degree,Male,Yes,70.4,Medium Risk
STU0155,Diya Das,10.8,93.1,87.5,6.2,Associate Degree,Female,Yes,75.3,Medium Risk
STU0156,Aryan Kapoor,22.0,87.2,100.0,6.9,High School,Male,Yes,84.6,Low Risk
STU0157,Pooja Rao,15.6,90.4,98.5,7.0,High School,Female,Yes,76.2,Medium Risk
STU0158,Vivaan Bhat,18.9,98.4,79.3,6.9,Bachelor's Degree,Male,Yes,78.0,Medium Risk
STU0159,Yash Bhat,16.7,75.1,54.9,6.1,Bachelor's Degree,Male,Yes,53.2,High Risk
STU0160,Pooja Joshi,11.4,81.8,86.2,7.8,Master's Degree,Female,Yes,65.4,Medium Risk
STU0161,Neha Menon,21.2,73.5,74.5,6.8,Bachelor's Degree,Female,No,62.4,Medium Risk
STU0162,Sneha Iyer,16.9,81.1,87.4,6.7,Master's Degree,Female,Yes,69.7,Medium Risk
STU0163,Ishaan Chatterjee,20.4,100.0,85.9,7.7,High School,Male,Yes,78.4,Medium Risk
STU0164,Nisha Patel,12.8,82.2,74.9,5.7,Bachelor's Degree,Female,No,67.6,Medium Risk
STU0165,Riya Gupta,10.6,76.5,59.1,6.3,Associate Degree,Female,Yes,54.8,High Risk
STU0166,Dev Mehta,18.9,74.4,69.5,7.1,Associate Degree,Male,Yes,58.8,High Risk
STU0167,Sameer Pillai,12.4,90.1,59.8,7.4,Master's Degree,Male,No,63.8,Medium Risk
STU0168,Sneha Das,13.1,73.0,75.3,7.2,Bachelor's Degree,Female,Yes,55.4,High Risk
STU0169,Reyansh Menon,15.9,91.8,85.3,7.3,High School,Male,No,66.4,Medium Risk
STU0170,Isha Chatterjee,22.4,84.0,79.2,7.8,Bachelor's Degree,Female,Yes,67.0,Medium Risk
STU0171,Pooja Verma,14.8,89.9,83.3,6.8,Master's Degree,Female,No,76.3,Medium Risk
STU0172,Rahul Verma,15.4,85.1,79.4,5.7,Associate Degree,Male,No,68.9,Medium Risk
STU0173,Aryan Sharma,16.7,93.5,70.4,5.4,High School,Male,Yes,72.4,Medium Risk
STU0174,Raj Anderson,27.9,77.3,87.0,8.3,Bachelor's Degree,Male,Yes,73.7,Medium Risk
STU0175,Jaya Patel,23.2,70.7,85.7,7.5,High School,Female,No,71.0,Medium Risk
STU0176,Pooja Desai,9.8,95.1,76.2,7.4,Associate Degree,Female,No,69.0,Medium Risk
STU0177,Meera Singh,22.1,100.0,73.4,8.3,High School,Female,Yes,67.6,Medium Risk
STU0178,Ira Joshi,19.8,78.1,71.8,7.4,Bachelor's Degree,Female,Yes,71.4,Medium Risk
STU0179,Kabir Singh,19.0,79.8,75.6,6.9,Bachelor's Degree,Male,Yes,70.3,Medium Risk
STU0180,Meera Reddy,15.4,100.0,67.8,6.5,Master's Degree,Female,No,75.6,Medium Risk
STU0181,Nikhil Bhat,16.3,77.4,54.1,8.2,Bachelor's Degree,Male,Yes,57.4,High Risk
STU0182,Tanvi Gupta,18.3,73.8,82.0,7.5,Associate Degree,Female,Yes,75.2,Medium Risk
STU0183,Dev Anderson,7.2,100.0,66.0,7.4,Bachelor's Degree,Male,Yes,70.6,Medium Risk
STU0184,Isha Verma,17.0,85.2,66.9,5.4,Bachelor's Degree,Female,Yes,62.5,Medium Risk
STU0185,Tanvi Bhat,14.2,78.3,93.5,6.6,Master's Degree,Female,Yes,78.3,Medium Risk
STU0186,Rahul Patel,11.1,72.0,76.5,7.6,Bachelor's Degree,Male,Yes,63.6,Medium Risk
STU0187,Krishna Bhat,17.1,91.2,79.1,6.8,Bachelor's Degree,Male,Yes,78.7,Medium Risk
STU0188,Pooja Desai,26.0,81.8,59.3,7.3,Associate Degree,Female,No,60.8,High Risk
STU0189,Ananya Pillai,24.5,94.0,62.2,8.3,Associate Degree,Female,Yes,64.9,Medium Risk
STU0190,Siddharth Anderson,14.4,100.0,82.8,6.7,Associate Degree,Male,No,76.9,Medium Risk
STU0191,Isha Bhat,14.4,99.1,75.4,6.4,High School,Female,No,69.6,Medium Risk
STU0192,Anjali Joshi,24.4,86.0,89.4,6.2,High School,Female,No,72.5,Medium Risk
STU0193,Ananya Menon,10.6,83.4,74.7,5.6,Master's Degree,Female,No,73.3,Medium Risk
STU0194,Reyansh Kumar,23.7,90.7,73.4,7.5,Bachelor's Degree,Male,Yes,73.5,Medium Risk
STU0195,Meera Gupta,16.2,89.5,84.9,8.0,Master's Degree,Female,Yes,80.5,Low Risk
STU0196,Arjun Verma,25.6,69.7,74.9,7.0,Bachelor's Degree,Male,Yes,61.2,High Risk
STU0197,Siddharth Patel,19.1,85.2,68.2,5.1,High School,Male,Yes,67.0,Medium Risk
STU0198,Krishna Sharma,17.8,97.0,79.1,5.3,Bachelor's Degree,Male,No,71.6,Medium Risk
STU0199,Krishna Menon,13.1,79.4,61.5,7.5,Bachelor's Degree,Male,No,62.0,Medium Risk
STU0200,Aditi Das,14.5,100.0,69.8,6.4,Bachelor's Degree,Female,Yes,75.4,Medium Risk
STU0201,Rahul Pillai,20.6,67.4,60.7,7.5,Master's Degree,Male,No,58.5,High Risk
STU0202,Aarav Rao,23.8,81.9,85.1,7.4,Bachelor's Degree,Male,Yes,75.8,Medium Risk
STU0203,Varun Das,18.3,74.5,65.9,6.5,High School,Male,Yes,57.7,High Risk
STU0204,Aditi Verma,23.8,67.0,93.9,7.0,High School,Female,Yes,77.6,Medium Risk
STU0205,Aarav Menon,25.4,83.2,50.0,7.1,Master's Degree,Male,No,42.7,High Risk
STU0206,Ishaan Rao,24.7,74.4,96.2,7.3,Associate Degree,Male,Yes,72.2,Medium Risk
STU0207,Rohan Iyer,10.9,76.4,64.7,8.3,Bachelor's Degree,Male,Yes,57.1,High Risk
STU0208,Tanvi Patel,18.9,74.6,81.8,5.7,Master's Degree,Female,No,70.1,Medium Risk
STU0209,Reyansh Pillai,14.9,95.8,89.1,6.9,Bachelor's Degree,Male,No,80.5,Low Risk
STU0210,Tanvi Kapoor,18.8,85.8,86.2,5.7,Master's Degree,Female,No,69.5,Medium Risk
STU0211,Kabir Chatterjee,28.0,67.4,71.2,8.0,High School,Male,No,55.9,High Risk
STU0212,Riya Desai,22.1,80.7,77.3,6.0,Associate Degree,Female,No,68.4,Medium Risk
STU0213,Nikhil Nair,29.7,90.1,74.6,6.0,Bachelor's Degree,Male,Yes,72.2,Medium Risk
STU0214,Ananya Kumar,16.0,92.1,88.2,6.9,Associate Degree,Female,No,81.6,Low Risk
STU0215,Arjun Menon,18.4,100.0,73.7,5.4,High School,Male,No,68.5,Medium Risk
STU0216,Vivaan Menon,15.9,100.0,67.7,8.1,Master's Degree,Male,Yes,73.9,Medium Risk
STU0217,Sameer Pillai,22.0,74.9,73.1,7.3,Associate Degree,Male,No,62.2,Medium Risk
STU0218,Varun Reddy,18.3,81.1,69.8,6.8,Associate Degree,Male,No,65.6,Medium Risk
STU0219,Neha Patel,12.0,85.7,70.8,7.8,Associate Degree,Female,Yes,67.9,Medium Risk
STU0220,Anjali Kapoor,17.9,86.4,87.7,6.7,Bachelor's Degree,Female,No,76.9,Medium Risk
STU0221,Ishaan Joshi,17.8,79.1,76.9,6.9,Master's Degree,Male,Yes,81.0,Low Risk
STU0222,Priya Kapoor,16.6,65.2,59.6,8.5,Associate Degree,Female,Yes,49.2,High Risk
STU0223,Vihaan Patel,25.9,72.2,47.3,6.0,Bachelor's Degree,Male,No,61.3,High Risk
STU0224,Dev Gupta,19.8,81.0,76.9,8.8,Associate Degree,Male,Yes,67.0,Medium Risk
STU0225,Nikhil Iyer,25.1,100.0,76.0,6.8,High School,Male,No,74.3,Medium Risk
STU0226,Sameer Mehta,18.3,77.6,59.3,5.6,Bachelor's Degree,Male,Yes,55.8,High Risk
STU0227,Raj Iyer,18.2,91.8,98.1,6.0,Associate Degree,Male,No,83.3,Low Risk
STU0228,Dev Kapoor,35.0,89.2,76.0,7.2,High School,Male,No,68.1,Medium Risk
STU0229,Neha Pillai,28.3,99.4,75.1,7.6,Bachelor's Degree,Female,Yes,74.2,Medium Risk
STU0230,Dev Bhat,23.3,100.0,70.5,6.3,Bachelor's Degree,Male,Yes,73.5,Medium Risk
STU0231,Kavya Kapoor,26.6,94.7,83.6,8.4,Master's Degree,Female,Yes,84.5,Low Risk
STU0232,Krishna Joshi,8.3,88.7,69.7,7.5,Bachelor's Degree,Male,No,65.7,Medium Risk
STU0233,Sameer Nair,20.4,66.3,79.7,7.0,Bachelor's Degree,Male,No,64.7,Medium Risk
STU0234,Vihaan Desai,25.7,78.9,70.5,7.6,High School,Male,Yes,64.0,Medium Risk
STU0235,Kavya Nair,13.5,100.0,79.1,9.2,Master's Degree,Female,Yes,77.5,Medium Risk
STU0236,Dev Reddy,23.5,69.7,100.0,7.0,Master's Degree,Male,No,77.0,Medium Risk
STU0237,Raj Pillai,19.9,69.6,87.7,7.6,Master's Degree,Male,Yes,60.2,High Risk
STU0238,Priya Iyer,23.5,75.3,59.3,6.3,High School,Female,Yes,54.7,High Risk
STU0239,Kavya Kapoor,15.1,88.9,100.0,7.3,Bachelor's Degree,Female,No,84.1,Low Risk
STU0240,Neha Desai,26.0,85.4,55.3,6.0,High School,Female,No,69.1,Medium Risk
STU0241,Meera Bhat,20.3,94.2,96.5,6.9,Associate Degree,Female,No,82.4,Low Risk
STU0242,Nisha Sharma,10.5,76.5,86.7,6.8,Associate Degree,Female,Yes,70.9,Medium Risk
STU0243,Arjun Menon,21.0,95.3,88.2,8.2,Master's Degree,Male,Yes,75.4,Medium Risk
STU0244,Ananya Desai,23.6,57.6,64.9,7.4,High School,Female,Yes,54.5,High Risk
STU0245,Ishaan Chatterjee,19.7,79.4,78.1,6.8,Bachelor's Degree,Male,Yes,72.0,Medium Risk
STU0246,Nikhil Desai,20.3,91.0,89.5,6.7,High School,Male,Yes,77.2,Medium Risk
STU0247,Aarav Singh,18.6,83.8,74.7,7.7,Associate Degree,Male,No,69.4,Medium Risk
STU0248,Meera Patel,22.1,94.7,90.5,7.8,High School,Female,No,76.6,Medium Risk
STU0249,Aditi Nair,5.0,67.5,73.4,7.2,Bachelor's Degree,Female,No,60.0,High Risk
STU0250,Varun Joshi,14.9,79.9,65.2,7.1,High School,Male,No,67.1,Medium Risk
STU0251,Sameer Nair,20.2,79.0,68.5,6.3,Bachelor's Degree,Male,No,63.1,Medium Risk
STU0252,Siddharth Singh,12.7,79.3,73.4,7.6,Master's Degree,Male,Yes,65.1,Medium Risk
STU0253,Nikhil Pillai,18.9,80.7,94.4,5.8,Bachelor's Degree,Male,Yes,77.8,Medium Risk
STU0254,Aryan Das,20.9,97.0,61.5,4.5,Associate Degree,Male,No,65.0,Medium Risk
STU0255,Isha Mehta,8.3,100.0,70.6,7.1,Bachelor's Degree,Female,Yes,75.8,Medium Risk
STU0256,Raj Anderson,19.9,83.5,60.5,7.8,Master's Degree,Male,Yes,56.7,High Risk
STU0257,Reyansh Kumar,26.0,91.1,61.5,8.2,High School,Male,Yes,65.8,Medium Risk
STU0258,Krishna Rao,16.5,84.9,73.2,7.4,Associate Degree,Male,No,65.5,Medium Risk
STU0259,Diya Patel,19.3,81.9,79.8,8.4,Master's Degree,Female,No,64.9,Medium Risk
STU0260,Neha Mehta,13.6,77.1,60.2,7.7,Bachelor's Degree,Female,No,55.3,High Risk
STU0261,Reyansh Bhat,30.4,87.9,80.1,7.2,Master's Degree,Male,Yes,78.5,Medium Risk
STU0262,Reyansh Verma,28.3,96.8,63.3,7.3,High School,Male,Yes,64.9,Medium Risk
STU0263,Anjali Singh,16.3,90.4,65.7,7.4,Bachelor's Degree,Female,No,63.6,Medium Risk
STU0264,Kabir Nair,7.0,94.3,74.2,6.5,Associate Degree,Male,Yes,71.3,Medium Risk
STU0265,Kavya Kumar,24.4,82.3,80.2,5.8,Bachelor's Degree,Female,No,76.6,Medium Risk
STU0266,Kabir Iyer,19.1,87.6,63.5,7.8,High School,Male,No,61.1,High Risk
STU0267,Tanvi Kumar,17.5,96.9,72.6,6.5,Associate Degree,Female,No,68.6,Medium Risk
STU0268,Dev Das,19.8,86.3,69.9,8.0,Bachelor's Degree,Male,Yes,66.2,Medium Risk
STU0269,Varun Verma,24.8,83.2,72.3,6.3,High School,Male,Yes,60.2,High Risk
STU0270,Aditi Chatterjee,24.1,98.3,83.9,5.8,Associate Degree,Female,Yes,78.7,Medium Risk
STU0271,Ananya Bhat,19.6,100.0,84.7,8.5,High School,Female,No,84.1,Low Risk
STU0272,Pooja Das,24.9,79.4,77.3,7.2,Associate Degree,Female,No,67.5,Medium Risk
STU0273,Reyansh Sharma,27.6,92.9,58.8,6.2,Associate Degree,Male,No,70.1,Medium Risk
STU0274,Raj Reddy,22.7,100.0,86.9,5.8,Associate Degree,Male,Yes,84.1,Low Risk
STU0275,Aditya Kumar,21.7,88.1,90.3,6.8,High School,Male,Yes,77.5,Medium Risk
STU0276,Nikhil Nair,11.1,62.7,64.7,6.8,Associate Degree,Male,No,50.6,High Risk
STU0277,Vihaan Sharma,19.2,90.0,90.9,8.5,Bachelor's Degree,Male,No,78.2,Medium Risk
STU0278,Raj Reddy,7.0,72.3,95.6,5.8,High School,Male,Yes,75.5,Medium Risk
STU0279,Rohan Rao,13.4,100.0,93.7,7.3,Associate Degree,Male,No,84.5,Low Risk
STU0280,Saanvi Pillai,18.2,100.0,81.7,7.5,High School,Female,Yes,83.7,Low Risk
STU0281,Tanvi Reddy,12.7,89.8,83.2,6.7,Bachelor's Degree,Female,Yes,73.9,Medium Risk
STU0282,Arjun Mehta,17.7,100.0,77.0,7.2,Bachelor's Degree,Male,Yes,74.9,Medium Risk
STU0283,Krishna Das,18.0,85.7,46.7,5.7,High School,Male,Yes,51.0,High Risk
STU0284,Siddharth Anderson,24.7,85.0,90.8,6.6,High School,Male,Yes,77.9,Medium Risk
STU0285,Neha Anderson,13.1,90.6,78.0,6.7,Associate Degree,Female,Yes,71.5,Medium Risk
STU0286,Kavya Reddy,14.7,86.7,77.8,6.5,Bachelor's Degree,Female,No,66.8,Medium Risk
STU0287,Aryan Joshi,20.9,73.9,91.5,7.6,Master's Degree,Male,No,78.4,Medium Risk
STU0288,Rahul Rao,23.9,80.3,72.6,5.9,Bachelor's Degree,Male,Yes,61.6,High Risk
STU0289,Aditi Patel,17.0,73.1,83.0,7.6,Associate Degree,Female,No,68.8,Medium Risk
STU0290,Simran Chatterjee,10.8,100.0,81.9,6.8,Master's Degree,Female,No,71.8,Medium Risk
STU0291,Siddharth Joshi,24.1,88.2,65.6,7.6,Associate Degree,Male,No,62.8,Medium Risk
STU0292,Aryan Rao,17.4,84.8,71.2,7.7,Bachelor's Degree,Male,Yes,68.6,Medium Risk
STU0293,Tanvi Nair,13.8,74.0,69.6,9.3,High School,Female,No,64.7,Medium Risk
STU0294,Kavya Kumar,14.1,84.0,73.7,7.8,Bachelor's Degree,Female,Yes,68.3,Medium Risk
STU0295,Sameer Das,22.7,98.2,86.0,6.9,Bachelor's Degree,Male,No,83.8,Low Risk
STU0296,Aditya Nair,20.5,92.3,71.9,6.6,Associate Degree,Male,Yes,74.0,Medium Risk
STU0297,Diya Menon,10.8,88.2,85.9,6.9,High School,Female,Yes,77.6,Medium Risk
STU0298,Zoya Anderson,20.5,100.0,70.4,6.5,Associate Degree,Female,Yes,70.0,Medium Risk
STU0299,Neha Desai,15.7,84.1,67.7,8.4,Associate Degree,Female,Yes,69.6,Medium Risk
STU0300,Ishaan Anderson,15.5,86.9,53.8,6.4,Bachelor's Degree,Male,Yes,59.7,High Risk
STU0301,Tanvi Pillai,13.3,94.1,84.3,7.3,Bachelor's Degree,Female,No,76.0,Medium Risk
STU0302,Dev Menon,16.0,89.1,85.7,6.6,High School,Male,Yes,83.1,Low Risk
STU0303,Aarav Bhat,10.6,84.6,65.2,6.7,Associate Degree,Male,No,62.4,Medium Risk
STU0304,Sneha Desai,24.5,90.2,67.3,7.5,Master's Degree,Female,Yes,77.0,Medium Risk
STU0305,Nikhil Chatterjee,18.6,97.5,78.9,7.0,Associate Degree,Male,No,75.0,Medium Risk
STU0306,Ananya Gupta,10.7,87.3,100.0,7.2,Associate Degree,Female,No,80.2,Low Risk
STU0307,Aditya Nair,11.2,100.0,92.1,5.8,Associate Degree,Male,No,83.4,Low Risk
STU0308,Vihaan Chatterjee,20.1,76.6,78.9,8.5,Master's Degree,Male,Yes,67.3,Medium Risk
STU0309,Jaya Singh,12.6,96.0,85.5,6.1,High School,Female,No,79.3,Medium Risk
STU0310,Jaya Nair,14.9,99.0,90.8,6.7,Associate Degree,Female,Yes,89.6,Low Risk
STU0311,Ira Bhat,16.9,67.4,66.3,4.1,Associate Degree,Female,No,55.2,High Risk
STU0312,Jaya Das,17.8,92.0,87.5,8.2,High School,Female,Yes,79.9,Medium Risk
STU0313,Rahul Kumar,15.7,65.5,75.1,5.4,Bachelor's Degree,Male,No,61.5,High Risk
STU0314,Rohan Sharma,16.8,78.8,87.6,7.8,Bachelor's Degree,Male,Yes,76.4,Medium Risk
STU0315,Pooja Pillai,21.6,72.0,61.2,6.7,High School,Female,Yes,57.8,High Risk
STU0316,Zoya Kumar,18.4,98.0,48.2,5.9,Associate Degree,Female,Yes,64.2,Medium Risk
STU0317,Diya Sharma,25.3,90.1,53.0,6.9,Associate Degree,Female,Yes,56.1,High Risk
STU0318,Jaya Reddy,25.8,71.1,69.3,7.1,Master's Degree,Female,Yes,63.0,Medium Risk
STU0319,Isha Anderson,16.4,83.7,97.0,6.5,High School,Female,No,74.9,Medium Risk
STU0320,Yash Das,12.2,76.9,88.4,7.9,Bachelor's Degree,Male,No,73.5,Medium Risk
STU0321,Varun Kapoor,12.9,89.3,98.8,6.7,Bachelor's Degree,Male,Yes,85.3,Low Risk
STU0322,Aditi Kapoor,21.2,70.7,81.7,6.0,Bachelor's Degree,Female,No,67.8,Medium Risk
STU0323,Sneha Menon,21.1,99.1,64.5,8.0,Bachelor's Degree,Female,No,62.9,Medium Risk
STU0324,Neha Verma,19.7,89.0,58.9,7.1,Associate Degree,Female,No,62.4,Medium Risk
STU0325,Neha Gupta,23.3,91.7,79.6,6.6,High School,Female,Yes,78.3,Medium Risk
STU0326,Arjun Desai,13.7,82.0,90.0,8.2,Bachelor's Degree,Male,Yes,76.4,Medium Risk
STU0327,Aarav Reddy,16.0,51.9,88.1,5.4,Bachelor's Degree,Male,No,62.3,Medium Risk
STU0328,Aditi Menon,21.0,85.7,66.1,8.7,Associate Degree,Female,No,67.2,Medium Risk
STU0329,Rahul Anderson,16.4,80.4,84.1,7.9,Associate Degree,Male,No,66.5,Medium Risk
STU0330,Riya Pillai,14.8,87.3,97.3,5.6,Associate Degree,Female,Yes,78.2,Medium Risk
STU0331,Nikhil Nair,24.9,77.4,62.4,8.3,Associate Degree,Male,No,56.9,High Risk
STU0332,Aditya Gupta,13.5,100.0,94.7,7.8,Bachelor's Degree,Male,No,81.4,Low Risk
STU0333,Aditi Sharma,15.5,89.8,76.9,7.5,Associate Degree,Female,Yes,73.1,Medium Risk
STU0334,Krishna Kumar,8.1,98.4,68.1,4.8,Associate Degree,Male,Yes,68.5,Medium Risk
STU0335,Diya Kapoor,17.6,71.7,66.2,8.1,Associate Degree,Female,Yes,51.7,High Risk
STU0336,Aditya Das,25.4,58.6,53.6,5.5,Master's Degree,Male,No,46.5,High Risk
STU0337,Raj Rao,19.9,100.0,61.6,6.0,Associate Degree,Male,No,68.2,Medium Risk
STU0338,Jaya Joshi,23.2,72.9,79.9,6.0,Bachelor's Degree,Female,Yes,59.9,High Risk
STU0339,Jaya Patel,19.1,73.1,84.8,7.1,Master's Degree,Female,No,73.6,Medium Risk
STU0340,Riya Menon,25.8,75.2,55.1,6.3,Associate Degree,Female,Yes,55.1,High Risk
STU0341,Vivaan Verma,21.2,79.4,84.1,7.3,Associate Degree,Male,Yes,70.3,Medium Risk
STU0342,Sameer Verma,17.1,85.4,89.7,6.8,Bachelor's Degree,Male,Yes,77.2,Medium Risk
STU0343,Ananya Kumar,16.1,87.4,100.0,7.1,Bachelor's Degree,Female,No,76.0,Medium Risk
STU0344,Pooja Anderson,11.6,92.5,75.3,8.0,Associate Degree,Female,No,65.8,Medium Risk
STU0345,Ira Nair,19.8,97.6,87.0,7.3,Master's Degree,Female,Yes,79.3,Medium Risk
STU0346,Jaya Das,21.8,62.9,79.9,6.6,Associate Degree,Female,Yes,58.3,High Risk
STU0347,Myra Patel,16.2,97.3,63.2,5.6,Bachelor's Degree,Female,Yes,65.6,Medium Risk
STU0348,Kabir Mehta,18.9,74.6,82.0,5.9,Bachelor's Degree,Male,No,67.9,Medium Risk
STU0349,Isha Menon,19.3,60.3,100.0,8.0,Master's Degree,Female,No,66.2,Medium Risk
STU0350,Nisha Kapoor,23.6,77.3,82.2,6.7,High School,Female,No,65.3,Medium Risk
STU0351,Riya Singh,18.8,74.9,89.1,6.2,Associate Degree,Female,Yes,74.9,Medium Risk
STU0352,Raj Rao,24.8,87.3,86.7,7.0,High School,Male,No,81.4,Low Risk
STU0353,Reyansh Menon,15.8,91.7,75.7,6.2,Bachelor's Degree,Male,Yes,70.0,Medium Risk
STU0354,Raj Verma,26.5,94.7,100.0,7.2,Associate Degree,Male,Yes,87.3,Low Risk
STU0355,Reyansh Singh,19.5,81.7,79.1,6.4,High School,Male,No,70.4,Medium Risk
STU0356,Diya Chatterjee,20.9,91.1,45.6,7.1,High School,Female,No,62.8,Medium Risk
STU0357,Rahul Verma,21.1,64.1,88.8,5.7,Bachelor's Degree,Male,No,69.1,Medium Risk
STU0358,Krishna Patel,15.4,95.2,100.0,8.8,Bachelor's Degree,Male,Yes,80.7,Low Risk
STU0359,Ira Kumar,25.3,100.0,65.8,8.1,Bachelor's Degree,Female,No,70.8,Medium Risk
STU0360,Aditi Menon,20.9,60.1,69.2,8.1,High School,Female,No,57.5,High Risk
STU0361,Vihaan Mehta,13.0,64.7,42.6,7.7,High School,Male,Yes,48.7,High Risk
STU0362,Aarav Desai,16.8,88.8,82.6,6.9,Bachelor's Degree,Male,No,74.8,Medium Risk
STU0363,Isha Das,16.1,100.0,83.7,6.7,Associate Degree,Female,Yes,77.6,Medium Risk
STU0364,Siddharth Joshi,18.1,59.1,69.7,8.3,Bachelor's Degree,Male,Yes,59.9,High Risk
STU0365,Ishaan Rao,19.6,72.4,77.2,5.3,Associate Degree,Male,No,69.4,Medium Risk
STU0366,Reyansh Menon,14.1,76.8,67.8,6.4,Bachelor's Degree,Male,Yes,61.4,High Risk
STU0367,Saanvi Singh,15.8,95.9,89.8,9.4,High School,Female,No,76.7,Medium Risk
STU0368,Isha Reddy,20.9,73.6,79.3,5.8,Bachelor's Degree,Female,Yes,67.7,Medium Risk
STU0369,Vihaan Das,19.8,85.6,54.5,6.9,Associate Degree,Male,Yes,61.7,High Risk
STU0370,Jaya Verma,32.6,90.0,73.4,6.0,High School,Female,Yes,72.4,Medium Risk
STU0371,Sneha Menon,17.4,69.9,99.7,7.2,High School,Female,No,73.9,Medium Risk
STU0372,Sameer Nair,19.5,73.9,70.2,6.1,High School,Male,Yes,59.9,High Risk
STU0373,Yash Rao,17.9,84.5,83.1,7.7,Bachelor's Degree,Male,No,73.3,Medium Risk
STU0374,Raj Nair,23.4,70.5,83.8,5.2,Associate Degree,Male,Yes,69.4,Medium Risk
STU0375,Neha Rao,21.5,89.5,76.8,5.7,Bachelor's Degree,Female,No,72.3,Medium Risk
STU0376,Raj Verma,22.0,68.7,68.4,7.1,High School,Male,Yes,62.1,Medium Risk
STU0377,Krishna Mehta,6.5,73.0,85.0,5.6,Bachelor's Degree,Male,Yes,73.6,Medium Risk
STU0378,Saanvi Desai,24.9,65.2,72.5,6.4,Master's Degree,Female,Yes,57.4,High Risk
STU0379,Riya Patel,17.4,100.0,58.9,7.7,Bachelor's Degree,Female,Yes,69.0,Medium Risk
STU0380,Vivaan Chatterjee,25.3,99.5,81.9,9.8,Master's Degree,Male,No,69.9,Medium Risk
STU0381,Krishna Anderson,20.6,82.2,86.7,5.1,Associate Degree,Male,Yes,71.7,Medium Risk
STU0382,Aryan Patel,22.4,100.0,85.8,6.4,High School,Male,Yes,73.2,Medium Risk
STU0383,Priya Menon,20.7,94.0,90.7,6.1,Bachelor's Degree,Female,No,88.4,Low Risk
STU0384,Rahul Desai,24.1,100.0,70.4,6.2,Bachelor's Degree,Male,Yes,72.8,Medium Risk
STU0385,Sameer Mehta,20.4,93.4,97.8,8.1,Bachelor's Degree,Male,Yes,79.4,Medium Risk
STU0386,Aryan Menon,23.0,76.4,97.1,6.5,Associate Degree,Male,Yes,75.3,Medium Risk
STU0387,Sneha Pillai,14.9,100.0,68.2,6.6,Bachelor's Degree,Female,No,71.3,Medium Risk
STU0388,Dev Nair,19.9,90.5,86.3,7.6,Associate Degree,Male,No,76.1,Medium Risk
STU0389,Diya Patel,14.9,77.0,62.2,6.6,High School,Female,No,62.7,Medium Risk
STU0390,Aryan Patel,24.1,57.9,86.4,8.7,Master's Degree,Male,No,61.3,High Risk
STU0391,Krishna Joshi,15.8,73.8,68.3,8.3,Associate Degree,Male,Yes,61.2,High Risk
STU0392,Isha Desai,18.2,71.2,67.9,7.6,Bachelor's Degree,Female,No,59.5,High Risk
STU0393,Kavya Singh,27.6,81.6,48.8,6.4,High School,Female,No,53.4,High Risk
STU0394,Aditya Nair,20.7,100.0,85.7,7.6,High School,Male,Yes,74.4,Medium Risk
STU0395,Ananya Anderson,18.6,100.0,77.9,7.3,Bachelor's Degree,Female,No,79.0,Medium Risk
STU0396,Zoya Reddy,13.4,100.0,76.5,6.6,High School,Female,Yes,69.6,Medium Risk
STU0397,Ishaan Verma,27.4,88.9,66.7,8.0,Bachelor's Degree,Male,No,63.9,Medium Risk
STU0398,Isha Verma,18.9,91.3,86.7,7.9,High School,Female,Yes,78.5,Medium Risk
STU0399,Zoya Singh,18.5,81.8,83.5,6.5,Master's Degree,Female,No,68.3,Medium Risk
STU0400,Rahul Iyer,24.4,86.5,54.8,5.9,Master's Degree,Male,No,65.5,Medium Risk
STU0401,Krishna Rao,16.8,94.6,90.5,8.1,Associate Degree,Male,Yes,75.5,Medium Risk
STU0402,Kavya Sharma,17.7,94.2,53.3,6.6,Associate Degree,Female,Yes,66.3,Medium Risk
STU0403,Anjali Menon,17.7,78.3,81.0,7.2,Master's Degree,Female,No,72.3,Medium Risk
STU0404,Ira Joshi,16.6,67.1,60.7,5.8,Associate Degree,Female,Yes,59.9,High Risk
STU0405,Varun Sharma,31.0,89.0,83.2,6.7,Bachelor's Degree,Male,No,79.9,Medium Risk
STU0406,Priya Bhat,18.1,73.2,68.2,7.0,Associate Degree,Female,Yes,64.5,Medium Risk
STU0407,Zoya Bhat,17.2,92.6,74.3,6.3,Bachelor's Degree,Female,No,73.1,Medium Risk
STU0408,Tanvi Iyer,16.7,100.0,72.6,5.5,Associate Degree,Female,Yes,73.7,Medium Risk
STU0409,Nikhil Joshi,13.3,89.5,77.2,6.0,High School,Male,No,78.3,Medium Risk
STU0410,Krishna Pillai,25.9,45.6,82.9,7.0,Master's Degree,Male,Yes,59.3,High Risk
STU0411,Sneha Anderson,8.6,96.2,89.7,5.8,High School,Female,Yes,77.9,Medium Risk
STU0412,Aditi Chatterjee,15.8,87.5,100.0,8.2,High School,Female,Yes,80.5,Low Risk
STU0413,Tanvi Rao,21.6,91.7,65.4,6.1,High School,Female,Yes,63.6,Medium Risk
STU0414,Karthik Chatterjee,29.9,91.1,78.3,6.5,Master's Degree,Male,Yes,79.0,Medium Risk
STU0415,Simran Kapoor,24.7,66.5,63.4,7.5,Bachelor's Degree,Female,Yes,59.3,High Risk
STU0416,Karthik Menon,25.7,78.9,81.8,7.4,Master's Degree,Male,Yes,68.4,Medium Risk
STU0417,Jaya Reddy,21.1,70.3,89.2,7.8,Master's Degree,Female,Yes,65.8,Medium Risk
STU0418,Vihaan Patel,21.3,71.5,80.5,6.2,High School,Male,No,68.8,Medium Risk
STU0419,Neha Das,20.7,86.5,96.6,7.2,Associate Degree,Female,Yes,75.8,Medium Risk
STU0420,Arjun Nair,16.0,83.9,87.9,7.9,High School,Male,Yes,70.3,Medium Risk
STU0421,Rahul Kumar,21.2,85.9,66.4,4.7,Bachelor's Degree,Male,No,61.9,High Risk
STU0422,Zoya Singh,13.2,70.2,91.6,6.7,High School,Female,No,71.7,Medium Risk
STU0423,Diya Anderson,20.0,73.4,77.2,6.3,Bachelor's Degree,Female,Yes,61.5,High Risk
STU0424,Zoya Verma,21.2,90.5,75.4,6.6,Associate Degree,Female,Yes,69.8,Medium Risk
STU0425,Kabir Kumar,20.5,88.0,85.5,5.0,Bachelor's Degree,Male,Yes,79.2,Medium Risk
STU0426,Rahul Bhat,25.7,95.3,84.2,8.1,Master's Degree,Male,Yes,87.9,Low Risk
STU0427,Meera Mehta,23.6,88.7,91.9,9.1,Bachelor's Degree,Female,Yes,80.1,Low Risk
STU0428,Karthik Das,21.4,65.7,79.4,6.3,Bachelor's Degree,Male,No,62.5,Medium Risk
STU0429,Diya Gupta,19.3,78.8,73.7,7.9,Bachelor's Degree,Female,Yes,72.1,Medium Risk
STU0430,Aditi Reddy,23.1,88.6,81.1,6.5,High School,Female,No,78.7,Medium Risk
STU0431,Zoya Mehta,11.1,86.3,75.2,7.4,Master's Degree,Female,Yes,70.8,Medium Risk
STU0432,Dev Nair,13.4,91.6,55.6,7.6,Bachelor's Degree,Male,Yes,60.2,High Risk
STU0433,Zoya Kumar,18.4,87.3,85.5,7.0,Master's Degree,Female,Yes,70.8,Medium Risk
STU0434,Aryan Singh,8.5,84.8,77.1,5.2,Bachelor's Degree,Male,Yes,64.9,Medium Risk
STU0435,Vivaan Kumar,21.7,89.6,69.6,6.6,Bachelor's Degree,Male,Yes,67.6,Medium Risk
STU0436,Sneha Mehta,14.8,73.3,83.2,7.5,Bachelor's Degree,Female,Yes,71.6,Medium Risk
STU0437,Kavya Pillai,18.8,100.0,60.5,7.6,Master's Degree,Female,No,65.1,Medium Risk
STU0438,Rahul Anderson,29.3,86.0,82.5,7.5,Associate Degree,Male,Yes,69.8,Medium Risk
STU0439,Karthik Sharma,15.7,86.4,75.7,7.9,Bachelor's Degree,Male,Yes,71.5,Medium Risk
STU0440,Myra Das,25.3,100.0,81.9,6.5,Bachelor's Degree,Female,No,81.8,Low Risk
STU0441,Yash Verma,14.2,80.8,84.2,7.0,Bachelor's Degree,Male,No,64.3,Medium Risk
STU0442,Krishna Joshi,15.1,82.1,95.5,6.7,High School,Male,No,73.5,Medium Risk
STU0443,Varun Mehta,15.4,100.0,84.8,8.9,High School,Male,Yes,83.3,Low Risk
STU0444,Arjun Anderson,10.2,69.9,61.1,6.1,Associate Degree,Male,Yes,57.6,High Risk
STU0445,Ananya Sharma,14.3,69.9,50.5,6.5,Associate Degree,Female,No,50.6,High Risk
STU0446,Aditi Nair,21.7,83.5,96.8,7.0,Bachelor's Degree,Female,Yes,71.8,Medium Risk
STU0447,Riya Sharma,17.6,100.0,71.2,7.3,Bachelor's Degree,Female,Yes,78.0,Medium Risk
STU0448,Reyansh Kumar,16.4,70.7,52.5,5.6,Master's Degree,Male,Yes,56.8,High Risk
STU0449,Myra Kumar,20.1,80.6,85.0,8.1,High School,Female,No,72.4,Medium Risk
STU0450,Varun Bhat,15.6,89.4,80.3,5.4,High School,Male,No,70.8,Medium Risk
STU0451,Vihaan Anderson,12.2,97.0,70.8,8.5,Associate Degree,Male,Yes,71.6,Medium Risk
STU0452,Pooja Iyer,13.2,70.4,83.9,6.4,Associate Degree,Female,Yes,69.8,Medium Risk
STU0453,Ishaan Patel,23.6,65.7,69.4,7.6,High School,Male,No,60.7,High Risk
STU0454,Siddharth Nair,12.6,91.1,63.8,5.2,High School,Male,Yes,62.7,Medium Risk
STU0455,Varun Nair,9.6,94.6,75.1,5.8,Associate Degree,Male,No,66.0,Medium Risk
STU0456,Ishaan Bhat,30.4,50.4,67.6,6.3,Bachelor's Degree,Male,No,55.6,High Risk
STU0457,Kabir Rao,21.2,100.0,83.6,7.8,Bachelor's Degree,Male,No,80.7,Low Risk
STU0458,Karthik Gupta,19.2,70.1,81.8,8.7,Associate Degree,Male,No,70.8,Medium Risk
STU0459,Zoya Kumar,16.5,93.0,67.9,7.2,Associate Degree,Female,Yes,72.6,Medium Risk
STU0460,Yash Pillai,14.0,86.1,96.1,7.7,Associate Degree,Male,Yes,80.2,Low Risk
STU0461,Varun Nair,10.2,85.2,69.4,8.0,High School,Male,Yes,66.1,Medium Risk
STU0462,Yash Rao,20.8,85.5,73.6,7.4,Master's Degree,Male,No,70.9,Medium Risk
STU0463,Saanvi Patel,22.9,76.4,82.6,6.5,Bachelor's Degree,Female,No,75.1,Medium Risk
STU0464,Sameer Kumar,19.7,100.0,87.0,7.1,Master's Degree,Male,Yes,83.8,Low Risk
STU0465,Aditi Kumar,20.1,81.8,82.6,7.0,Bachelor's Degree,Female,No,70.8,Medium Risk
STU0466,Kabir Iyer,18.9,73.4,80.6,5.8,Master's Degree,Male,No,71.2,Medium Risk
STU0467,Pooja Singh,16.9,91.2,59.8,7.3,Associate Degree,Female,Yes,69.2,Medium Risk
STU0468,Anjali Menon,20.7,85.4,100.0,6.5,Bachelor's Degree,Female,Yes,87.5,Low Risk
STU0469,Tanvi Iyer,29.3,94.3,85.5,6.7,Associate Degree,Female,Yes,78.3,Medium Risk
STU0470,Myra Kapoor,23.6,100.0,97.9,7.6,Master's Degree,Female,No,84.4,Low Risk
STU0471,Myra Desai,28.9,82.9,77.6,6.2,Master's Degree,Female,No,61.7,High Risk
STU0472,Tanvi Rao,13.9,85.7,70.3,7.6,Bachelor's Degree,Female,Yes,64.7,Medium Risk
STU0473,Sameer Anderson,8.6,75.0,76.4,6.0,Master's Degree,Male,No,62.5,Medium Risk
STU0474,Tanvi Verma,16.7,99.9,87.0,6.3,Master's Degree,Female,No,78.4,Medium Risk
STU0475,Ishaan Verma,30.4,95.5,80.2,8.1,High School,Male,Yes,74.7,Medium Risk
STU0476,Ananya Verma,22.8,82.3,91.3,6.7,High School,Female,No,72.3,Medium Risk
STU0477,Siddharth Chatterjee,24.7,84.9,76.5,7.4,Bachelor's Degree,Male,Yes,66.2,Medium Risk
STU0478,Karthik Chatterjee,17.9,65.9,100.0,6.5,Bachelor's Degree,Male,Yes,70.1,Medium Risk
STU0479,Nikhil Sharma,16.1,87.4,100.0,7.9,High School,Male,Yes,83.2,Low Risk
STU0480,Vihaan Pillai,23.8,94.4,94.4,5.8,High School,Male,Yes,90.7,Low Risk
STU0481,Zoya Verma,14.4,100.0,72.0,7.1,Associate Degree,Female,Yes,65.1,Medium Risk
STU0482,Varun Nair,18.9,100.0,66.7,7.0,Associate Degree,Male,Yes,72.8,Medium Risk
STU0483,Saanvi Rao,18.1,100.0,88.9,7.6,Associate Degree,Female,Yes,82.0,Low Risk
STU0484,Jaya Joshi,13.1,70.5,86.0,7.1,Associate Degree,Female,No,72.1,Medium Risk
STU0485,Arjun Das,21.5,63.1,70.7,6.2,Bachelor's Degree,Male,Yes,51.1,High Risk
STU0486,Ananya Chatterjee,21.4,71.3,70.2,8.1,Bachelor's Degree,Female,Yes,59.4,High Risk
STU0487,Yash Chatterjee,21.9,100.0,100.0,7.3,Bachelor's Degree,Male,Yes,83.9,Low Risk
STU0488,Myra Anderson,28.8,96.9,85.5,9.0,Associate Degree,Female,Yes,81.5,Low Risk
STU0489,Arjun Menon,19.8,77.4,79.4,8.9,Associate Degree,Male,No,73.6,Medium Risk
STU0490,Sameer Rao,27.2,59.4,100.0,6.4,Bachelor's Degree,Male,Yes,73.0,Medium Risk
STU0491,Aditi Mehta,22.1,71.1,63.1,6.5,Master's Degree,Female,Yes,55.9,High Risk
STU0492,Aarav Kapoor,32.4,100.0,91.0,5.3,Associate Degree,Male,No,82.7,Low Risk
STU0493,Aryan Sharma,15.8,87.7,71.0,9.0,High School,Male,Yes,67.6,Medium Risk
STU0494,Myra Reddy,21.0,71.0,60.1,8.6,Bachelor's Degree,Female,No,53.6,High Risk
STU0495,Siddharth Desai,18.1,94.6,75.6,6.7,Master's Degree,Male,Yes,77.4,Medium Risk
STU0496,Aryan Bhat,17.2,80.9,82.2,7.5,Master's Degree,Male,No,66.8,Medium Risk
STU0497,Karthik Pillai,22.6,92.0,86.6,8.1,Bachelor's Degree,Male,Yes,73.5,Medium Risk
STU0498,Saanvi Bhat,20.5,94.4,92.7,5.9,High School,Female,No,85.8,Low Risk
STU0499,Arjun Menon,16.3,100.0,79.7,6.8,High School,Male,Yes,73.1,Medium Risk
STU0500,Riya Kumar,16.6,86.2,100.0,7.6,Bachelor's Degree,Female,No,85.8,Low Risk
STU0501,Meera Verma,21.9,84.7,59.2,7.4,Associate Degree,Female,Yes,64.3,Medium Risk
STU0502,Sneha Iyer,22.9,87.3,100.0,8.8,Bachelor's Degree,Female,No,71.2,Medium Risk
STU0503,Arjun Patel,21.8,97.2,88.5,6.5,Bachelor's Degree,Male,Yes,81.1,Low Risk
STU0504,Ananya Pillai,7.6,89.7,100.0,7.7,Associate Degree,Female,No,83.6,Low Risk
STU0505,Aditya Singh,14.1,79.6,79.3,6.4,Bachelor's Degree,Male,No,66.0,Medium Risk
STU0506,Saanvi Iyer,18.1,88.4,75.5,6.5,High School,Female,No,65.0,Medium Risk
STU0507,Riya Kumar,16.0,88.5,76.3,7.6,Associate Degree,Female,Yes,70.7,Medium Risk
STU0508,Arjun Sharma,24.8,93.2,62.5,6.5,High School,Male,Yes,71.0,Medium Risk
STU0509,Simran Reddy,18.2,82.9,72.8,7.5,High School,Female,Yes,71.4,Medium Risk
STU0510,Saanvi Patel,16.1,92.3,93.2,6.4,Bachelor's Degree,Female,No,85.5,Low Risk
STU0511,Isha Reddy,17.7,87.7,89.2,7.0,High School,Female,No,77.5,Medium Risk
STU0512,Aarav Reddy,20.1,59.4,72.9,5.7,Bachelor's Degree,Male,Yes,56.9,High Risk
STU0513,Yash Chatterjee,28.0,67.6,72.7,8.8,Associate Degree,Male,Yes,59.2,High Risk
STU0514,Aarav Joshi,29.5,100.0,83.8,8.6,Bachelor's Degree,Male,Yes,77.5,Medium Risk
STU0515,Anjali Kumar,14.2,97.0,95.8,7.6,Associate Degree,Female,Yes,80.4,Low Risk
STU0516,Ananya Verma,21.8,84.0,76.8,7.7,Bachelor's Degree,Female,Yes,76.1,Medium Risk
STU0517,Saanvi Nair,20.6,100.0,51.7,8.8,Bachelor's Degree,Female,No,63.3,Medium Risk
STU0518,Yash Patel,20.6,87.7,69.5,5.9,Bachelor's Degree,Male,Yes,70.7,Medium Risk
STU0519,Varun Desai,22.5,68.7,71.1,6.7,Associate Degree,Male,Yes,55.5,High Risk
STU0520,Riya Kapoor,17.9,84.4,53.6,5.9,Bachelor's Degree,Female,No,60.4,High Risk
STU0521,Kavya Verma,13.9,100.0,61.2,5.4,High School,Female,Yes,77.4,Medium Risk
STU0522,Sameer Singh,13.5,100.0,85.9,6.9,High School,Male,Yes,81.9,Low Risk
STU0523,Riya Nair,23.7,90.1,45.3,6.7,Bachelor's Degree,Female,Yes,62.4,Medium Risk
STU0524,Yash Joshi,18.6,68.1,99.3,7.4,Associate Degree,Male,Yes,79.3,Medium Risk
STU0525,Krishna Rao,23.7,100.0,59.1,6.5,Bachelor's Degree,Male,No,72.5,Medium Risk
STU0526,Riya Sharma,26.2,87.5,82.7,8.1,Master's Degree,Female,No,81.4,Low Risk
STU0527,Ananya Singh,12.7,90.9,69.6,6.5,Bachelor's Degree,Female,No,72.3,Medium Risk
STU0528,Rahul Menon,18.6,81.5,67.5,5.7,Associate Degree,Male,Yes,65.0,Medium Risk
STU0529,Reyansh Menon,21.4,83.0,70.8,6.7,High School,Male,Yes,63.8,Medium Risk
STU0530,Priya Das,17.3,93.2,100.0,7.1,Associate Degree,Female,Yes,78.7,Medium Risk
STU0531,Riya Menon,19.3,100.0,76.2,7.6,Bachelor's Degree,Female,No,73.5,Medium Risk
STU0532,Priya Joshi,19.2,89.0,72.1,5.7,High School,Female,Yes,66.9,Medium Risk
STU0533,Tanvi Das,14.4,80.5,79.8,5.9,Associate Degree,Female,Yes,71.8,Medium Risk
STU0534,Ira Reddy,15.5,98.8,91.7,9.2,Associate Degree,Female,Yes,75.5,Medium Risk
STU0535,Aryan Rao,14.9,90.7,84.9,7.3,Bachelor's Degree,Male,Yes,76.6,Medium Risk
STU0536,Aarav Singh,24.5,85.4,86.9,6.8,Bachelor's Degree,Male,Yes,73.3,Medium Risk
STU0537,Neha Kapoor,27.8,91.0,53.3,6.7,Associate Degree,Female,Yes,57.8,High Risk
STU0538,Jaya Verma,28.5,96.3,81.7,5.8,Associate Degree,Female,No,76.4,Medium Risk
STU0539,Karthik Menon,24.5,100.0,59.0,7.8,High School,Male,Yes,74.4,Medium Risk
STU0540,Sameer Nair,20.3,74.5,82.9,7.0,Associate Degree,Male,Yes,67.0,Medium Risk
STU0541,Karthik Gupta,9.4,79.5,77.8,7.7,Master's Degree,Male,Yes,68.5,Medium Risk
STU0542,Anjali Iyer,21.4,100.0,79.4,9.4,Bachelor's Degree,Female,No,74.6,Medium Risk
STU0543,Dev Nair,16.8,100.0,58.4,6.3,Associate Degree,Male,Yes,68.5,Medium Risk
STU0544,Meera Singh,18.2,99.2,63.4,8.1,Master's Degree,Female,No,67.9,Medium Risk
STU0545,Karthik Chatterjee,15.4,89.9,93.5,7.8,Bachelor's Degree,Male,Yes,80.3,Low Risk
STU0546,Diya Joshi,21.3,89.2,65.6,7.4,Associate Degree,Female,Yes,64.5,Medium Risk
STU0547,Ananya Kumar,26.4,68.2,88.1,7.5,Bachelor's Degree,Female,No,67.7,Medium Risk
STU0548,Ishaan Kumar,20.6,85.8,63.7,6.6,High School,Male,No,75.1,Medium Risk
STU0549,Isha Pillai,16.3,79.2,70.6,6.8,Associate Degree,Female,No,69.7,Medium Risk
STU0550,Nisha Sharma,13.3,96.4,71.7,7.6,High School,Female,No,76.5,Medium Risk
STU0551,Rahul Das,12.6,79.8,79.7,7.9,Master's Degree,Male,Yes,64.0,Medium Risk
STU0552,Neha Reddy,23.7,100.0,90.3,7.3,Bachelor's Degree,Female,No,83.2,Low Risk
STU0553,Reyansh Anderson,18.5,66.9,43.7,6.8,Bachelor's Degree,Male,Yes,41.6,High Risk
STU0554,Neha Patel,22.0,93.5,81.4,6.0,Master's Degree,Female,No,71.7,Medium Risk
STU0555,Rahul Sharma,19.4,74.6,83.7,7.7,Bachelor's Degree,Male,No,70.7,Medium Risk
STU0556,Karthik Reddy,20.3,80.9,95.3,5.0,Master's Degree,Male,No,79.0,Medium Risk
STU0557,Jaya Pillai,17.5,100.0,65.2,7.5,High School,Female,No,78.5,Medium Risk
STU0558,Zoya Patel,22.6,71.4,82.6,7.2,Associate Degree,Female,Yes,66.3,Medium Risk
STU0559,Karthik Gupta,23.5,94.6,100.0,6.7,Associate Degree,Male,No,79.5,Medium Risk
STU0560,Raj Desai,12.7,88.1,76.4,6.6,Bachelor's Degree,Male,No,67.8,Medium Risk
STU0561,Zoya Kapoor,20.1,86.0,71.2,10.0,Bachelor's Degree,Female,No,71.4,Medium Risk
STU0562,Varun Mehta,23.3,71.3,54.4,7.6,Associate Degree,Male,Yes,55.6,High Risk
STU0563,Dev Singh,14.2,95.6,76.5,6.9,Bachelor's Degree,Male,Yes,79.3,Medium Risk
STU0564,Riya Menon,20.4,90.3,70.3,7.3,High School,Female,No,60.4,High Risk
STU0565,Krishna Pillai,14.9,100.0,71.6,5.5,Bachelor's Degree,Male,No,71.7,Medium Risk
STU0566,Arjun Pillai,21.2,79.1,90.3,8.9,Bachelor's Degree,Male,No,74.9,Medium Risk
STU0567,Dev Joshi,28.1,59.2,58.0,6.2,High School,Male,Yes,54.5,High Risk
STU0568,Myra Bhat,13.9,93.9,67.6,6.2,Associate Degree,Female,Yes,63.6,Medium Risk
STU0569,Rohan Joshi,26.1,100.0,87.1,6.1,Associate Degree,Male,No,78.3,Medium Risk
STU0570,Aditi Mehta,15.4,94.1,69.7,7.3,High School,Female,Yes,64.8,Medium Risk
STU0571,Neha Singh,16.1,88.4,66.5,6.9,Associate Degree,Female,Yes,65.5,Medium Risk
STU0572,Nisha Anderson,20.7,86.1,85.8,7.3,Bachelor's Degree,Female,No,76.6,Medium Risk
STU0573,Karthik Sharma,13.0,100.0,66.3,6.4,Associate Degree,Male,Yes,70.1,Medium Risk
STU0574,Priya Bhat,26.8,82.5,87.3,6.0,Master's Degree,Female,Yes,81.8,Low Risk
STU0575,Zoya Nair,22.4,94.4,59.8,6.9,High School,Female,No,66.3,Medium Risk
STU0576,Pooja Pillai,19.0,87.4,71.6,7.9,Bachelor's Degree,Female,Yes,74.0,Medium Risk
STU0577,Diya Sharma,22.4,86.4,82.1,7.3,High School,Female,No,77.6,Medium Risk
STU0578,Diya Joshi,12.8,68.2,49.9,7.6,Associate Degree,Female,Yes,46.4,High Risk
STU0579,Sameer Joshi,25.1,91.8,86.0,7.3,High School,Male,No,78.8,Medium Risk
STU0580,Riya Patel,16.9,74.5,64.4,7.2,Bachelor's Degree,Female,Yes,57.8,High Risk
STU0581,Yash Kumar,20.9,100.0,82.7,7.1,Master's Degree,Male,Yes,73.9,Medium Risk
STU0582,Siddharth Nair,21.3,88.0,84.6,5.1,High School,Male,Yes,73.7,Medium Risk
STU0583,Raj Menon,20.5,89.2,91.7,5.6,Bachelor's Degree,Male,No,75.4,Medium Risk
STU0584,Anjali Rao,19.8,68.4,99.7,6.4,High School,Female,Yes,87.6,Medium Risk
STU0585,Saanvi Bhat,23.3,93.9,84.8,7.0,Bachelor's Degree,Female,Yes,78.1,Medium Risk
STU0586,Kavya Menon,23.3,82.3,83.5,6.8,Master's Degree,Female,No,71.3,Medium Risk
STU0587,Varun Bhat,26.3,89.8,69.1,6.3,Bachelor's Degree,Male,No,60.7,High Risk
STU0588,Sameer Iyer,19.5,100.0,63.1,5.9,Master's Degree,Male,No,76.4,Medium Risk
STU0589,Aarav Menon,22.2,90.7,98.6,8.1,Bachelor's Degree,Male,Yes,80.1,Low Risk
STU0590,Ananya Gupta,15.3,68.0,69.6,8.3,Bachelor's Degree,Female,Yes,57.9,High Risk
STU0591,Diya Rao,26.4,100.0,93.1,6.6,Bachelor's Degree,Female,Yes,81.9,Low Risk
STU0592,Yash Anderson,9.8,95.8,80.3,7.3,High School,Male,No,72.4,Medium Risk
STU0593,Rahul Nair,18.8,83.7,77.8,9.0,High School,Male,No,64.5,Medium Risk
STU0594,Nikhil Patel,17.5,78.7,98.3,6.1,Master's Degree,Male,No,78.3,Medium Risk
STU0595,Anjali Singh,21.8,77.0,100.0,7.4,Associate Degree,Female,No,74.9,Medium Risk
STU0596,Nisha Mehta,12.9,100.0,86.0,6.4,High School,Female,No,81.6,Low Risk
STU0597,Raj Desai,22.2,96.9,87.0,6.2,High School,Male,Yes,85.5,Low Risk
STU0598,Saanvi Rao,21.7,99.2,74.1,6.7,Associate Degree,Female,Yes,69.7,Medium Risk
STU0599,Tanvi Mehta,18.0,93.6,92.2,6.0,Bachelor's Degree,Female,Yes,80.8,Low Risk
STU0600,Sneha Reddy,17.5,63.2,70.1,8.2,Bachelor's Degree,Female,No,60.3,High Risk
STU0601,Siddharth Reddy,13.4,77.8,65.4,6.3,Bachelor's Degree,Male,No,55.7,High Risk
STU0602,Varun Gupta,12.5,84.2,78.5,6.4,High School,Male,Yes,67.9,Medium Risk
STU0603,Karthik Bhat,17.0,78.9,79.0,7.6,High School,Male,No,73.0,Medium Risk
STU0604,Tanvi Desai,20.6,86.2,64.0,8.4,Bachelor's Degree,Female,Yes,61.0,High Risk
STU0605,Yash Reddy,15.1,79.8,63.2,7.2,Bachelor's Degree,Male,No,65.6,Medium Risk
STU0606,Rahul Verma,23.5,100.0,76.9,7.9,Associate Degree,Male,No,79.9,Medium Risk
STU0607,Aarav Mehta,14.0,89.4,80.3,7.6,Associate Degree,Male,No,75.9,Medium Risk
STU0608,Siddharth Reddy,21.0,85.4,54.5,7.3,High School,Male,Yes,59.4,High Risk
STU0609,Saanvi Nair,14.8,57.6,67.5,8.8,Associate Degree,Female,Yes,56.9,High Risk
STU0610,Riya Reddy,14.1,81.5,72.5,8.5,Associate Degree,Female,Yes,65.3,Medium Risk
STU0611,Myra Menon,23.1,100.0,89.8,7.2,High School,Female,No,79.9,Medium Risk
STU0612,Sameer Menon,13.6,60.1,59.6,7.4,Bachelor's Degree,Male,Yes,53.4,High Risk
STU0613,Reyansh Bhat,20.4,83.6,96.6,6.2,Bachelor's Degree,Male,Yes,76.2,Medium Risk
STU0614,Jaya Mehta,22.8,95.0,84.5,7.0,Associate Degree,Female,Yes,79.3,Medium Risk
STU0615,Rohan Pillai,17.6,48.1,89.1,5.9,High School,Male,Yes,58.2,High Risk
STU0616,Ira Nair,27.0,100.0,81.7,7.9,High School,Female,No,73.4,Medium Risk
STU0617,Aryan Das,23.9,89.4,87.1,6.0,Associate Degree,Male,No,77.9,Medium Risk
STU0618,Nikhil Chatterjee,11.6,88.9,71.3,5.8,Bachelor's Degree,Male,No,67.2,Medium Risk
STU0619,Ishaan Sharma,21.5,100.0,76.9,7.8,Master's Degree,Male,No,76.8,Medium Risk
STU0620,Kavya Sharma,12.9,93.4,76.3,7.9,Associate Degree,Female,No,66.9,Medium Risk
STU0621,Neha Reddy,23.1,95.5,76.2,5.8,Associate Degree,Female,Yes,68.1,Medium Risk
STU0622,Vivaan Rao,16.6,89.5,91.0,8.7,Bachelor's Degree,Male,Yes,76.9,Medium Risk
STU0623,Siddharth Joshi,17.3,93.6,67.9,4.4,Bachelor's Degree,Male,No,65.1,Medium Risk
STU0624,Arjun Singh,23.3,91.6,60.9,8.0,Bachelor's Degree,Male,Yes,64.2,Medium Risk
STU0625,Ananya Anderson,19.6,100.0,72.2,6.4,Bachelor's Degree,Female,No,73.5,Medium Risk
STU0626,Pooja Desai,22.5,97.3,56.7,6.8,High School,Female,No,68.6,Medium Risk
STU0627,Reyansh Reddy,17.6,78.7,73.1,8.0,High School,Male,Yes,69.4,Medium Risk
STU0628,Rahul Anderson,28.0,100.0,66.3,5.0,Master's Degree,Male,Yes,68.1,Medium Risk
STU0629,Isha Patel,22.1,100.0,63.6,5.9,High School,Female,Yes,70.3,Medium Risk
STU0630,Siddharth Gupta,30.9,94.2,51.1,6.4,Bachelor's Degree,Male,No,58.6,High Risk
STU0631,Rohan Verma,19.5,100.0,95.2,6.9,Bachelor's Degree,Male,No,89.7,Low Risk
STU0632,Nisha Kapoor,28.3,95.7,54.1,6.6,Associate Degree,Female,Yes,70.1,Medium Risk
STU0633,Kabir Mehta,20.4,83.5,78.8,7.0,Associate Degree,Male,Yes,64.5,Medium Risk
STU0634,Kavya Singh,19.9,99.0,90.9,8.0,Associate Degree,Female,Yes,83.1,Low Risk
STU0635,Ira Chatterjee,25.2,73.4,78.3,6.0,Associate Degree,Female,Yes,63.2,Medium Risk
STU0636,Ishaan Das,12.5,74.7,100.0,5.7,Bachelor's Degree,Male,Yes,79.1,Medium Risk
STU0637,Arjun Kumar,18.2,85.4,70.7,7.4,Associate Degree,Male,Yes,70.8,Medium Risk
STU0638,Kabir Reddy,19.9,73.2,83.0,7.2,Bachelor's Degree,Male,No,67.4,Medium Risk
STU0639,Diya Menon,14.2,100.0,66.8,7.8,High School,Female,Yes,63.1,Medium Risk
STU0640,Aarav Bhat,26.8,71.3,73.5,7.6,Master's Degree,Male,Yes,64.7,Medium Risk
STU0641,Anjali Kapoor,14.9,74.1,100.0,7.6,High School,Female,Yes,81.3,Medium Risk
STU0642,Jaya Mehta,25.9,100.0,94.1,7.0,Bachelor's Degree,Female,Yes,80.8,Low Risk
STU0643,Ananya Iyer,30.0,100.0,61.9,6.5,Bachelor's Degree,Female,No,65.4,Medium Risk
STU0644,Jaya Chatterjee,18.4,100.0,78.4,8.0,Bachelor's Degree,Female,Yes,76.8,Medium Risk
STU0645,Aarav Desai,25.0,89.3,79.1,6.0,High School,Male,No,79.4,Medium Risk
STU0646,Jaya Desai,21.6,82.5,71.0,6.8,Associate Degree,Female,No,68.0,Medium Risk
STU0647,Karthik Bhat,19.0,67.3,72.0,7.1,Bachelor's Degree,Male,Yes,59.5,High Risk
STU0648,Pooja Sharma,19.6,73.8,97.3,8.4,Associate Degree,Female,Yes,75.6,Medium Risk
STU0649,Ananya Rao,16.5,76.6,84.6,6.3,High School,Female,Yes,71.2,Medium Risk
STU0650,Anjali Kapoor,20.1,85.5,93.6,5.9,Bachelor's Degree,Female,Yes,87.3,Low Risk
STU0651,Pooja Menon,10.5,100.0,62.7,7.3,Bachelor's Degree,Female,No,73.4,Medium Risk
STU0652,Arjun Anderson,24.9,100.0,58.4,7.6,High School,Male,No,62.1,Medium Risk
STU0653,Krishna Gupta,21.2,82.2,79.3,5.4,Bachelor's Degree,Male,Yes,76.7,Medium Risk
STU0654,Ishaan Bhat,23.2,100.0,89.7,7.0,High School,Male,No,83.1,Low Risk
STU0655,Dev Verma,17.4,55.3,84.2,8.4,Associate Degree,Male,Yes,52.7,High Risk
STU0656,Isha Menon,19.5,86.2,71.1,6.6,Bachelor's Degree,Female,Yes,70.9,Medium Risk
STU0657,Riya Sharma,5.0,94.1,76.9,5.1,High School,Female,Yes,69.4,Medium Risk
STU0658,Yash Menon,22.7,99.0,66.5,5.3,Associate Degree,Male,Yes,69.4,Medium Risk
STU0659,Sameer Kumar,12.3,100.0,99.0,6.6,Associate Degree,Male,No,85.3,Low Risk
STU0660,Aryan Menon,8.4,83.3,73.1,7.2,Bachelor's Degree,Male,No,63.6,Medium Risk
STU0661,Myra Anderson,18.4,80.3,89.2,5.7,Associate Degree,Female,Yes,76.1,Medium Risk
STU0662,Myra Anderson,22.5,78.3,92.4,5.8,Master's Degree,Female,Yes,76.5,Medium Risk
STU0663,Krishna Joshi,11.3,79.6,70.1,7.1,Bachelor's Degree,Male,No,65.6,Medium Risk
STU0664,Riya Verma,25.1,100.0,77.3,7.6,Bachelor's Degree,Female,Yes,76.9,Medium Risk
STU0665,Nikhil Gupta,27.5,87.0,79.8,6.5,Bachelor's Degree,Male,No,73.0,Medium Risk
STU0666,Reyansh Joshi,18.4,100.0,76.7,8.2,Bachelor's Degree,Male,Yes,74.5,Medium Risk
STU0667,Tanvi Das,19.7,100.0,93.4,8.1,Associate Degree,Female,Yes,83.1,Low Risk
STU0668,Karthik Das,24.5,81.7,75.8,6.0,Associate Degree,Male,No,65.7,Medium Risk
STU0669,Sameer Das,25.9,100.0,72.1,5.6,Bachelor's Degree,Male,Yes,68.0,Medium Risk
STU0670,Sneha Verma,17.9,76.3,63.0,6.0,High School,Female,No,63.6,Medium Risk
STU0671,Rahul Kumar,30.6,67.2,65.7,7.3,Bachelor's Degree,Male,Yes,56.9,High Risk
STU0672,Zoya Desai,17.3,100.0,81.6,5.8,High School,Female,No,73.3,Medium Risk
STU0673,Neha Pillai,29.7,91.6,82.1,7.0,Bachelor's Degree,Female,Yes,78.6,Medium Risk
STU0674,Meera Sharma,23.5,96.6,68.6,7.1,Associate Degree,Female,Yes,68.9,Medium Risk
STU0675,Ishaan Rao,19.3,99.6,89.1,7.5,High School,Male,No,78.5,Medium Risk
STU0676,Simran Bhat,20.9,84.7,66.6,6.5,High School,Female,No,63.0,Medium Risk
STU0677,Aditi Nair,23.2,84.4,85.1,6.4,Associate Degree,Female,Yes,68.5,Medium Risk
STU0678,Saanvi Pillai,16.1,74.7,71.2,7.2,Bachelor's Degree,Female,Yes,66.6,Medium Risk
STU0679,Varun Singh,17.3,90.9,86.5,5.1,High School,Male,Yes,73.7,Medium Risk
STU0680,Meera Joshi,30.8,73.0,66.2,6.8,Associate Degree,Female,No,59.8,High Risk
STU0681,Simran Nair,19.1,95.1,71.4,6.4,Bachelor's Degree,Female,Yes,77.8,Medium Risk
STU0682,Nikhil Rao,22.0,89.6,82.8,6.7,Master's Degree,Male,No,69.5,Medium Risk
STU0683,Zoya Chatterjee,21.3,93.1,81.4,7.1,High School,Female,No,78.9,Medium Risk
STU0684,Anjali Desai,15.2,84.3,68.0,8.1,Bachelor's Degree,Female,No,67.4,Medium Risk
STU0685,Karthik Reddy,14.9,100.0,72.2,7.0,High School,Male,Yes,82.9,Low Risk
STU0686,Kabir Iyer,12.8,74.6,100.0,5.0,Associate Degree,Male,No,77.5,Medium Risk
STU0687,Sneha Reddy,16.4,78.2,60.7,6.8,Associate Degree,Female,No,58.1,High Risk
STU0688,Tanvi Verma,19.9,80.5,83.3,6.0,Master's Degree,Female,Yes,74.0,Medium Risk
STU0689,Vihaan Iyer,15.4,95.7,96.1,7.4,High School,Male,Yes,77.6,Medium Risk
STU0690,Aarav Verma,17.1,88.4,80.4,6.1,High School,Male,No,69.5,Medium Risk
STU0691,Dev Bhat,23.5,81.6,57.0,6.9,Bachelor's Degree,Male,Yes,62.4,Medium Risk
STU0692,Meera Singh,12.9,92.5,87.0,6.2,Master's Degree,Female,No,73.2,Medium Risk
STU0693,Diya Nair,11.1,79.7,75.7,8.3,Bachelor's Degree,Female,Yes,71.1,Medium Risk
STU0694,Isha Bhat,11.6,100.0,99.2,7.6,Bachelor's Degree,Female,Yes,81.5,Low Risk
STU0695,Ishaan Reddy,14.0,77.6,81.3,7.1,Associate Degree,Male,No,61.7,High Risk
STU0696,Reyansh Desai,22.8,96.9,97.7,5.7,High School,Male,Yes,78.8,Medium Risk
STU0697,Meera Kumar,11.4,95.2,60.0,5.6,High School,Female,Yes,64.1,Medium Risk
STU0698,Sameer Kapoor,11.8,78.4,63.2,7.2,Master's Degree,Male,No,62.4,Medium Risk
STU0699,Jaya Verma,30.6,85.1,87.8,7.8,Bachelor's Degree,Female,Yes,72.6,Medium Risk
STU0700,Rahul Patel,21.7,75.9,78.3,5.6,Bachelor's Degree,Male,No,67.6,Medium Risk
STU0701,Aryan Sharma,17.2,85.8,73.6,7.8,High School,Male,Yes,70.0,Medium Risk
STU0702,Aditya Menon,24.8,74.1,82.3,7.6,Master's Degree,Male,No,67.7,Medium Risk
STU0703,Diya Sharma,20.3,99.2,95.6,5.6,Bachelor's Degree,Female,Yes,92.1,Low Risk
STU0704,Reyansh Singh,17.8,73.7,78.3,7.9,Bachelor's Degree,Male,No,61.8,High Risk
STU0705,Karthik Sharma,22.7,88.3,93.4,8.2,Associate Degree,Male,Yes,79.4,Medium Risk
STU0706,Aditi Mehta,14.2,100.0,84.8,7.3,Associate Degree,Female,Yes,73.1,Medium Risk
STU0707,Dev Joshi,12.9,80.2,70.7,7.2,Associate Degree,Male,No,65.1,Medium Risk
STU0708,Aryan Bhat,25.2,76.8,73.0,8.2,Bachelor's Degree,Male,Yes,67.3,Medium Risk
STU0709,Priya Mehta,17.9,80.4,63.5,7.1,Bachelor's Degree,Female,No,58.8,High Risk
STU0710,Aditi Pillai,18.4,96.7,77.1,5.3,Associate Degree,Female,Yes,71.2,Medium Risk
STU0711,Varun Gupta,13.8,76.2,85.1,7.8,Associate Degree,Male,Yes,74.7,Medium Risk
STU0712,Isha Pillai,25.5,84.7,75.8,7.2,High School,Female,No,60.9,High Risk
STU0713,Raj Verma,23.6,98.8,89.1,7.8,Master's Degree,Male,No,86.5,Low Risk
STU0714,Varun Chatterjee,19.8,68.0,100.0,7.3,Bachelor's Degree,Male,No,80.1,Medium Risk
STU0715,Aditi Gupta,14.0,80.6,55.6,6.7,Associate Degree,Female,Yes,57.7,High Risk
STU0716,Priya Iyer,12.6,100.0,65.9,7.1,Bachelor's Degree,Female,Yes,71.3,Medium Risk
STU0717,Siddharth Menon,30.9,76.7,84.6,6.2,Bachelor's Degree,Male,No,65.8,Medium Risk
STU0718,Neha Menon,13.4,76.3,89.8,6.7,Bachelor's Degree,Female,Yes,70.9,Medium Risk
STU0719,Aryan Das,16.4,65.2,77.7,5.6,Bachelor's Degree,Male,Yes,70.3,Medium Risk
STU0720,Saanvi Menon,18.8,77.1,85.3,7.7,High School,Female,Yes,69.7,Medium Risk
STU0721,Jaya Nair,21.4,96.9,92.6,5.5,Associate Degree,Female,No,77.5,Medium Risk
STU0722,Sneha Gupta,23.0,100.0,79.5,6.0,Bachelor's Degree,Female,No,78.8,Medium Risk
STU0723,Raj Chatterjee,15.3,96.3,89.9,5.2,High School,Male,No,88.2,Low Risk
STU0724,Vivaan Anderson,20.0,89.8,82.3,5.7,High School,Male,Yes,64.6,Medium Risk
STU0725,Kavya Nair,19.8,80.7,62.7,6.5,Associate Degree,Female,Yes,65.4,Medium Risk
STU0726,Aryan Gupta,19.9,87.2,84.8,7.9,High School,Male,Yes,79.5,Medium Risk
STU0727,Raj Joshi,23.7,86.6,95.4,6.3,Associate Degree,Male,Yes,73.9,Medium Risk
STU0728,Rahul Sharma,25.4,93.8,78.0,8.3,Master's Degree,Male,No,75.1,Medium Risk
STU0729,Sneha Joshi,23.3,79.6,67.1,8.8,Associate Degree,Female,Yes,65.0,Medium Risk
STU0730,Rohan Mehta,16.6,96.6,51.5,7.9,Bachelor's Degree,Male,Yes,64.4,Medium Risk
STU0731,Siddharth Menon,17.5,86.4,84.1,6.3,Master's Degree,Male,Yes,73.0,Medium Risk
STU0732,Jaya Menon,21.3,78.1,78.3,7.9,Associate Degree,Female,Yes,72.9,Medium Risk
STU0733,Nisha Iyer,16.9,82.3,67.4,6.6,Master's Degree,Female,No,66.9,Medium Risk
STU0734,Anjali Reddy,12.8,99.2,100.0,8.5,Bachelor's Degree,Female,No,88.1,Low Risk
STU0735,Ananya Patel,16.8,73.8,61.7,4.4,Associate Degree,Female,Yes,61.7,High Risk
STU0736,Vihaan Pillai,17.0,79.6,83.9,5.6,Bachelor's Degree,Male,No,69.8,Medium Risk
STU0737,Reyansh Iyer,15.4,91.3,70.6,5.8,Bachelor's Degree,Male,No,68.3,Medium Risk
STU0738,Varun Chatterjee,21.5,92.7,100.0,6.7,High School,Male,No,78.8,Medium Risk
STU0739,Arjun Menon,16.5,98.9,93.3,6.9,High School,Male,No,84.4,Low Risk
STU0740,Priya Chatterjee,18.8,94.4,59.4,6.5,Bachelor's Degree,Female,No,64.7,Medium Risk
STU0741,Sneha Gupta,22.6,64.3,70.4,6.8,High School,Female,Yes,60.4,High Risk
STU0742,Siddharth Joshi,10.9,64.2,89.5,6.8,Associate Degree,Male,No,70.7,Medium Risk
STU0743,Kabir Joshi,13.6,67.4,75.9,5.2,Bachelor's Degree,Male,Yes,73.0,Medium Risk
STU0744,Vivaan Bhat,18.4,76.6,69.7,9.0,Associate Degree,Male,No,74.8,Medium Risk
STU0745,Aditi Mehta,21.0,80.6,58.7,6.9,Master's Degree,Female,Yes,60.2,High Risk
STU0746,Ishaan Reddy,21.1,73.7,94.4,7.4,Associate Degree,Male,Yes,68.4,Medium Risk
STU0747,Jaya Desai,24.0,100.0,63.9,6.0,Associate Degree,Female,Yes,70.6,Medium Risk
STU0748,Karthik Gupta,15.4,74.6,96.0,5.0,Bachelor's Degree,Male,Yes,69.7,Medium Risk
STU0749,Sneha Rao,15.9,82.0,81.4,6.3,Associate Degree,Female,Yes,77.4,Medium Risk
STU0750,Sameer Gupta,17.0,80.8,71.9,8.9,Bachelor's Degree,Male,Yes,67.7,Medium Risk
STU0751,Karthik Iyer,24.0,90.0,87.2,6.8,High School,Male,Yes,79.3,Medium Risk
STU0752,Sneha Bhat,6.8,99.0,75.4,6.5,Associate Degree,Female,Yes,71.7,Medium Risk
STU0753,Anjali Chatterjee,19.2,80.7,85.4,7.6,High School,Female,Yes,73.0,Medium Risk
STU0754,Meera Patel,16.8,100.0,62.9,7.6,Associate Degree,Female,No,68.0,Medium Risk
STU0755,Siddharth Sharma,19.3,55.5,72.4,6.1,Associate Degree,Male,No,58.3,High Risk
STU0756,Ira Mehta,16.1,81.7,74.0,8.0,Associate Degree,Female,No,66.1,Medium Risk
STU0757,Nisha Kapoor,18.7,85.1,43.6,5.8,Bachelor's Degree,Female,Yes,52.0,High Risk
STU0758,Yash Gupta,23.4,76.0,78.2,7.9,Master's Degree,Male,Yes,64.6,Medium Risk
STU0759,Varun Singh,29.6,97.4,95.3,8.1,Bachelor's Degree,Male,Yes,76.2,Medium Risk
STU0760,Kabir Kapoor,16.2,85.1,91.5,6.2,Associate Degree,Male,Yes,76.4,Medium Risk
STU0761,Kavya Anderson,11.8,97.0,100.0,5.2,Associate Degree,Female,No,73.1,Medium Risk
STU0762,Vivaan Patel,24.0,84.4,54.3,9.0,Master's Degree,Male,Yes,58.6,High Risk
STU0763,Ira Bhat,12.0,87.9,69.7,6.2,Associate Degree,Female,Yes,71.3,Medium Risk
STU0764,Diya Mehta,21.0,82.5,76.7,5.6,Associate Degree,Female,Yes,76.7,Medium Risk
STU0765,Neha Sharma,9.7,67.5,54.0,7.2,Bachelor's Degree,Female,No,55.7,High Risk
STU0766,Isha Kapoor,16.2,86.8,82.9,6.9,Bachelor's Degree,Female,No,70.8,Medium Risk
STU0767,Sneha Mehta,29.9,95.1,57.1,6.0,Bachelor's Degree,Female,No,72.2,Medium Risk
STU0768,Vihaan Verma,23.6,54.8,100.0,6.6,Associate Degree,Male,Yes,71.9,Medium Risk
STU0769,Sameer Verma,22.7,87.7,78.7,5.5,Master's Degree,Male,Yes,72.7,Medium Risk
STU0770,Tanvi Kumar,22.0,83.9,86.3,6.6,Associate Degree,Female,Yes,75.4,Medium Risk
STU0771,Vivaan Singh,20.8,81.9,100.0,8.7,High School,Male,No,75.6,Medium Risk
STU0772,Krishna Bhat,22.2,80.0,74.9,6.8,Associate Degree,Male,Yes,63.4,Medium Risk
STU0773,Sameer Anderson,20.3,80.0,79.9,6.1,High School,Male,No,68.8,Medium Risk
STU0774,Myra Bhat,19.9,77.5,56.8,6.2,High School,Female,No,64.5,Medium Risk
STU0775,Karthik Menon,16.9,62.0,85.6,6.1,Associate Degree,Male,Yes,69.0,Medium Risk
STU0776,Isha Mehta,14.4,64.3,90.5,8.0,Associate Degree,Female,Yes,69.7,Medium Risk
STU0777,Neha Iyer,20.0,90.2,86.0,6.6,Bachelor's Degree,Female,Yes,75.6,Medium Risk
STU0778,Sneha Iyer,26.6,100.0,67.5,6.3,High School,Female,Yes,64.3,Medium Risk
STU0779,Arjun Kumar,23.1,79.7,51.4,8.9,Master's Degree,Male,No,53.2,High Risk
STU0780,Karthik Sharma,14.7,100.0,85.7,7.4,Associate Degree,Male,No,75.2,Medium Risk
STU0781,Sameer Bhat,20.3,90.1,66.6,9.1,Bachelor's Degree,Male,Yes,66.7,Medium Risk
STU0782,Sneha Kapoor,17.1,74.4,89.1,6.5,High School,Female,No,70.4,Medium Risk
STU0783,Siddharth Rao,18.2,83.0,74.6,5.4,Associate Degree,Male,No,74.7,Medium Risk
STU0784,Karthik Anderson,22.8,88.0,79.7,5.6,Master's Degree,Male,Yes,70.9,Medium Risk
STU0785,Arjun Patel,12.0,100.0,93.5,5.0,Bachelor's Degree,Male,Yes,89.6,Low Risk
STU0786,Anjali Rao,16.8,93.4,82.9,9.6,High School,Female,No,79.7,Medium Risk
STU0787,Isha Mehta,21.3,97.9,89.6,7.2,Bachelor's Degree,Female,No,78.1,Medium Risk
STU0788,Vihaan Gupta,26.4,77.4,80.5,5.7,High School,Male,No,70.9,Medium Risk
STU0789,Krishna Nair,15.5,85.7,84.5,7.8,Associate Degree,Male,Yes,74.4,Medium Risk
STU0790,Zoya Sharma,19.4,100.0,71.8,6.3,Master's Degree,Female,Yes,70.9,Medium Risk
STU0791,Pooja Nair,13.7,54.8,85.0,7.3,Associate Degree,Female,No,55.2,High Risk
STU0792,Sneha Kumar,19.4,79.3,66.9,7.9,High School,Female,No,51.8,High Risk
STU0793,Siddharth Joshi,26.4,83.2,72.8,6.8,High School,Male,Yes,68.6,Medium Risk
STU0794,Vihaan Patel,17.4,78.1,68.8,7.2,High School,Male,No,71.3,Medium Risk
STU0795,Aditya Desai,26.4,65.5,99.7,7.7,Master's Degree,Male,No,68.7,Medium Risk
STU0796,Aditi Rao,13.2,69.8,80.3,7.5,Associate Degree,Female,Yes,66.8,Medium Risk
STU0797,Simran Das,17.9,84.9,78.1,5.0,High School,Female,Yes,67.2,Medium Risk
STU0798,Arjun Sharma,26.2,49.8,74.9,7.4,High School,Male,No,52.9,High Risk
STU0799,Nisha Kapoor,23.4,100.0,60.7,5.2,Associate Degree,Female,Yes,59.6,High Risk
STU0800,Diya Patel,12.6,72.9,100.0,5.6,High School,Female,Yes,79.0,Medium Risk
STU0801,Myra Joshi,21.5,67.7,72.7,7.1,Master's Degree,Female,No,68.9,Medium Risk
STU0802,Aditya Sharma,17.7,91.4,51.7,7.0,Associate Degree,Male,Yes,61.7,High Risk
STU0803,Ishaan Anderson,18.7,94.2,91.1,7.5,Bachelor's Degree,Male,No,79.6,Medium Risk
STU0804,Kabir Reddy,16.8,93.2,76.6,8.5,Bachelor's Degree,Male,No,74.6,Medium Risk
STU0805,Zoya Kapoor,20.0,95.0,83.1,6.7,Master's Degree,Female,Yes,80.0,Low Risk
STU0806,Nisha Sharma,14.8,99.3,100.0,7.5,Associate Degree,Female,Yes,85.7,Low Risk
STU0807,Sameer Das,18.6,76.5,81.1,7.6,Master's Degree,Male,No,68.5,Medium Risk
STU0808,Aditya Nair,18.5,71.9,64.2,8.2,High School,Male,Yes,58.5,High Risk
STU0809,Priya Pillai,17.7,88.9,69.3,8.0,High School,Female,Yes,74.2,Medium Risk
STU0810,Nikhil Pillai,12.3,79.9,70.6,6.9,Master's Degree,Male,No,65.1,Medium Risk
STU0811,Jaya Das,27.2,79.1,65.1,5.7,Associate Degree,Female,Yes,64.6,Medium Risk
STU0812,Tanvi Sharma,19.6,72.8,88.8,6.8,Associate Degree,Female,Yes,71.6,Medium Risk
STU0813,Tanvi Das,19.0,85.5,72.7,7.1,Bachelor's Degree,Female,Yes,63.0,Medium Risk
STU0814,Isha Reddy,14.7,90.8,75.2,7.2,Bachelor's Degree,Female,Yes,75.5,Medium Risk
STU0815,Aarav Kumar,17.3,100.0,68.2,6.9,Master's Degree,Male,Yes,66.3,Medium Risk
STU0816,Diya Chatterjee,26.9,80.4,78.7,7.5,High School,Female,No,61.6,High Risk
STU0817,Vivaan Iyer,22.3,77.0,98.8,7.4,Bachelor's Degree,Male,Yes,74.5,Medium Risk
STU0818,Aarav Patel,15.7,95.6,47.0,7.3,Bachelor's Degree,Male,Yes,57.0,High Risk
STU0819,Tanvi Singh,13.5,71.9,64.5,5.2,Bachelor's Degree,Female,Yes,57.7,High Risk
STU0820,Simran Rao,19.5,93.2,72.4,6.9,High School,Female,No,69.9,Medium Risk
STU0821,Rohan Anderson,11.8,92.5,79.5,6.9,Associate Degree,Male,No,74.6,Medium Risk
STU0822,Aarav Bhat,17.9,96.7,68.2,7.0,Bachelor's Degree,Male,Yes,72.8,Medium Risk
STU0823,Yash Desai,20.1,74.6,66.6,7.6,Associate Degree,Male,No,46.5,High Risk
STU0824,Rahul Joshi,12.2,81.0,63.5,8.7,Bachelor's Degree,Male,No,56.2,High Risk
STU0825,Isha Joshi,19.8,74.1,58.7,6.0,Associate Degree,Female,No,60.4,High Risk
STU0826,Simran Sharma,15.9,98.5,70.1,6.1,High School,Female,Yes,66.2,Medium Risk
STU0827,Jaya Bhat,21.1,100.0,62.7,6.5,High School,Female,Yes,69.7,Medium Risk
STU0828,Jaya Singh,23.0,88.1,98.3,6.5,High School,Female,No,85.3,Low Risk
STU0829,Siddharth Verma,16.2,99.5,87.1,6.6,High School,Male,Yes,74.4,Medium Risk
STU0830,Neha Patel,19.5,95.4,53.7,8.3,Associate Degree,Female,Yes,67.5,Medium Risk
STU0831,Arjun Menon,21.5,93.1,84.1,6.9,Bachelor's Degree,Male,No,72.7,Medium Risk
STU0832,Nikhil Bhat,21.1,86.0,62.6,6.8,Bachelor's Degree,Male,Yes,61.9,High Risk
STU0833,Sneha Verma,14.2,100.0,91.6,6.9,Associate Degree,Female,Yes,80.9,Low Risk
STU0834,Zoya Kumar,23.0,100.0,79.9,7.9,High School,Female,Yes,82.0,Low Risk
STU0835,Rahul Sharma,18.6,74.4,91.7,8.5,Associate Degree,Male,Yes,64.0,Medium Risk
STU0836,Simran Chatterjee,10.0,86.9,59.3,6.7,Master's Degree,Female,Yes,56.9,High Risk
STU0837,Priya Mehta,24.2,91.8,70.4,6.9,Bachelor's Degree,Female,No,68.8,Medium Risk
STU0838,Yash Das,16.9,87.9,100.0,6.3,High School,Male,No,77.2,Medium Risk
STU0839,Aditya Das,19.7,81.4,78.4,5.3,Master's Degree,Male,Yes,64.2,Medium Risk
STU0840,Saanvi Kapoor,26.6,83.4,62.2,8.0,High School,Female,Yes,66.2,Medium Risk
STU0841,Karthik Patel,22.6,100.0,86.7,6.9,Bachelor's Degree,Male,No,80.4,Low Risk
STU0842,Nikhil Mehta,20.2,100.0,84.5,7.1,High School,Male,Yes,76.9,Medium Risk
STU0843,Dev Patel,10.3,88.5,84.0,9.0,High School,Male,No,71.2,Medium Risk
STU0844,Krishna Rao,21.3,97.7,87.5,6.1,Master's Degree,Male,Yes,82.0,Low Risk
STU0845,Jaya Patel,12.6,84.8,91.5,7.5,Associate Degree,Female,No,80.3,Low Risk
STU0846,Priya Chatterjee,18.7,75.2,68.8,6.3,Bachelor's Degree,Female,No,58.0,High Risk
STU0847,Priya Singh,24.0,100.0,67.3,6.6,Associate Degree,Female,No,69.1,Medium Risk
STU0848,Siddharth Chatterjee,9.1,79.1,65.1,7.5,Bachelor's Degree,Male,Yes,57.1,High Risk
STU0849,Isha Iyer,20.1,69.4,80.4,7.0,High School,Female,Yes,62.5,Medium Risk
STU0850,Zoya Menon,20.2,92.5,75.6,6.5,Associate Degree,Female,Yes,70.6,Medium Risk
STU0851,Aditya Chatterjee,20.7,52.5,73.2,5.7,Master's Degree,Male,No,54.7,High Risk
STU0852,Nikhil Anderson,19.2,99.8,82.5,6.9,Master's Degree,Male,Yes,84.9,Low Risk
STU0853,Krishna Nair,17.1,92.2,85.6,5.3,Bachelor's Degree,Male,Yes,70.7,Medium Risk
STU0854,Ishaan Singh,19.0,49.4,88.5,7.9,High School,Male,No,59.3,High Risk
STU0855,Aryan Rao,18.4,88.5,67.0,7.4,Master's Degree,Male,Yes,70.1,Medium Risk
STU0856,Jaya Bhat,10.1,90.9,86.7,6.7,Associate Degree,Female,No,77.1,Medium Risk
STU0857,Aryan Sharma,12.8,83.3,58.0,6.3,Bachelor's Degree,Male,Yes,58.8,High Risk
STU0858,Kavya Patel,15.2,74.7,71.9,6.8,Associate Degree,Female,Yes,65.8,Medium Risk
STU0859,Tanvi Das,18.0,86.8,71.5,8.8,High School,Female,No,63.4,Medium Risk
STU0860,Jaya Patel,19.8,85.8,100.0,7.5,Bachelor's Degree,Female,Yes,75.6,Medium Risk
STU0861,Raj Reddy,16.8,81.5,79.2,5.7,High School,Male,Yes,76.2,Medium Risk
STU0862,Aarav Joshi,12.6,77.4,64.2,5.9,High School,Male,Yes,56.4,High Risk
STU0863,Simran Bhat,14.7,88.4,83.8,8.2,Bachelor's Degree,Female,No,80.4,Low Risk
STU0864,Simran Kapoor,21.6,82.0,64.0,7.4,High School,Female,Yes,61.2,High Risk
STU0865,Vihaan Kapoor,15.2,99.5,64.3,8.6,Master's Degree,Male,Yes,69.9,Medium Risk
STU0866,Vihaan Chatterjee,15.1,86.8,85.9,6.9,Master's Degree,Male,Yes,73.7,Medium Risk
STU0867,Dev Kumar,21.4,72.1,68.8,7.8,Bachelor's Degree,Male,Yes,61.4,High Risk
STU0868,Simran Bhat,20.3,100.0,72.8,7.1,Associate Degree,Female,No,76.4,Medium Risk
STU0869,Diya Patel,23.2,69.9,84.7,4.9,Bachelor's Degree,Female,Yes,73.8,Medium Risk
STU0870,Aditya Nair,14.4,87.8,46.7,6.7,Bachelor's Degree,Male,Yes,65.3,Medium Risk
STU0871,Kabir Verma,15.7,92.8,81.7,7.4,Bachelor's Degree,Male,Yes,70.2,Medium Risk
STU0872,Ananya Menon,26.7,79.8,100.0,7.6,Associate Degree,Female,Yes,80.8,Low Risk
STU0873,Simran Menon,20.5,72.1,97.9,6.0,Bachelor's Degree,Female,No,63.9,Medium Risk
STU0874,Sameer Chatterjee,18.3,92.9,97.2,5.3,Bachelor's Degree,Male,Yes,83.8,Low Risk
STU0875,Anjali Sharma,13.8,77.7,88.4,6.9,Bachelor's Degree,Female,Yes,66.6,Medium Risk
STU0876,Rohan Das,18.5,93.9,82.6,5.5,High School,Male,Yes,75.6,Medium Risk
STU0877,Dev Kapoor,20.2,84.5,67.8,7.0,Master's Degree,Male,No,64.7,Medium Risk
STU0878,Neha Joshi,28.1,100.0,100.0,7.7,Associate Degree,Female,No,85.3,Low Risk
STU0879,Krishna Iyer,22.1,100.0,60.3,6.7,Master's Degree,Male,No,69.5,Medium Risk
STU0880,Rahul Joshi,12.5,94.6,58.6,6.6,Associate Degree,Male,Yes,68.5,Medium Risk
STU0881,Karthik Reddy,15.2,100.0,81.7,6.9,Bachelor's Degree,Male,No,75.8,Medium Risk
STU0882,Aryan Menon,21.7,92.6,83.3,7.9,High School,Male,No,73.1,Medium Risk
STU0883,Ishaan Kapoor,12.4,84.8,81.4,7.8,Master's Degree,Male,Yes,67.4,Medium Risk
STU0884,Raj Anderson,10.8,100.0,64.3,6.7,High School,Male,Yes,57.2,High Risk
STU0885,Aryan Kumar,19.4,86.9,67.1,7.2,Bachelor's Degree,Male,Yes,60.7,High Risk
STU0886,Saanvi Anderson,18.9,86.5,77.4,7.0,Bachelor's Degree,Female,No,68.0,Medium Risk
STU0887,Simran Sharma,19.2,90.7,73.1,7.9,Master's Degree,Female,No,74.1,Medium Risk
STU0888,Rahul Patel,27.3,91.3,70.5,6.6,High School,Male,Yes,76.4,Medium Risk
STU0889,Myra Patel,19.0,76.6,68.5,5.9,Bachelor's Degree,Female,Yes,62.4,Medium Risk
STU0890,Sameer Nair,18.3,75.4,75.7,5.7,Master's Degree,Male,No,60.5,High Risk
STU0891,Zoya Anderson,20.3,72.9,95.5,6.1,High School,Female,No,70.7,Medium Risk
STU0892,Aryan Kapoor,22.4,87.7,77.1,7.1,High School,Male,Yes,70.2,Medium Risk
STU0893,Vihaan Anderson,20.4,69.3,85.0,7.6,Associate Degree,Male,Yes,58.5,High Risk
STU0894,Kabir Rao,28.8,96.3,60.9,6.6,Bachelor's Degree,Male,Yes,68.3,Medium Risk
STU0895,Kavya Mehta,16.7,90.4,72.6,7.2,Master's Degree,Female,Yes,67.5,Medium Risk
STU0896,Sameer Nair,8.0,92.6,89.2,7.4,Associate Degree,Male,Yes,82.5,Low Risk
STU0897,Raj Gupta,22.8,77.8,100.0,7.8,High School,Male,Yes,78.9,Medium Risk
STU0898,Kavya Bhat,25.1,94.6,88.0,7.7,Master's Degree,Female,Yes,81.8,Low Risk
STU0899,Jaya Kumar,19.1,100.0,77.8,4.8,Bachelor's Degree,Female,No,60.7,High Risk
STU0900,Sneha Patel,22.1,86.6,83.9,7.1,High School,Female,No,73.9,Medium Risk
STU0901,Kabir Kumar,23.0,94.9,62.0,7.3,Bachelor's Degree,Male,No,66.6,Medium Risk
STU0902,Kabir Patel,28.7,81.1,59.9,6.9,High School,Male,No,65.4,Medium Risk
STU0903,Jaya Patel,20.5,82.1,75.3,7.7,Associate Degree,Female,Yes,71.8,Medium Risk
STU0904,Sameer Mehta,11.6,66.6,88.9,7.6,Bachelor's Degree,Male,Yes,65.0,Medium Risk
STU0905,Ananya Rao,20.9,99.4,81.8,6.0,Associate Degree,Female,Yes,75.3,Medium Risk
STU0906,Kabir Pillai,21.5,54.3,54.6,8.5,High School,Male,No,45.8,High Risk
STU0907,Ishaan Reddy,19.3,92.6,65.3,4.5,Bachelor's Degree,Male,Yes,70.3,Medium Risk
STU0908,Zoya Kapoor,24.0,100.0,92.2,8.0,High School,Female,Yes,89.0,Low Risk
STU0909,Ananya Rao,20.8,90.6,83.2,6.5,Associate Degree,Female,Yes,77.8,Medium Risk
STU0910,Nikhil Verma,16.2,96.6,89.5,7.0,Associate Degree,Male,Yes,83.7,Low Risk
STU0911,Meera Rao,20.4,97.5,69.1,8.3,Master's Degree,Female,No,74.3,Medium Risk
STU0912,Ira Joshi,25.5,65.1,88.7,7.7,Master's Degree,Female,Yes,73.3,Medium Risk
STU0913,Pooja Reddy,16.7,80.0,78.6,6.9,Master's Degree,Female,No,63.4,Medium Risk
STU0914,Neha Das,15.8,84.5,100.0,9.6,Bachelor's Degree,Female,No,83.3,Low Risk
STU0915,Rohan Sharma,16.9,86.7,54.1,6.2,Associate Degree,Male,No,59.5,High Risk
STU0916,Simran Menon,19.2,69.9,75.1,6.6,Bachelor's Degree,Female,No,60.0,High Risk
STU0917,Raj Desai,20.4,92.3,100.0,8.3,Associate Degree,Male,No,81.8,Low Risk
STU0918,Krishna Singh,24.7,69.5,97.1,8.5,High School,Male,No,69.4,Medium Risk
STU0919,Raj Patel,24.5,71.1,65.4,6.9,High School,Male,No,51.9,High Risk
STU0920,Myra Iyer,23.4,96.4,96.5,8.2,Bachelor's Degree,Female,No,82.8,Low Risk
STU0921,Rohan Das,19.8,83.0,72.5,8.0,Bachelor's Degree,Male,Yes,68.5,Medium Risk
STU0922,Jaya Mehta,24.2,84.2,90.7,8.5,Bachelor's Degree,Female,Yes,79.1,Medium Risk
STU0923,Ishaan Sharma,6.9,75.9,86.8,5.9,Master's Degree,Male,Yes,59.6,High Risk
STU0924,Pooja Pillai,18.6,97.1,79.7,6.7,High School,Female,Yes,73.3,Medium Risk
STU0925,Aryan Singh,18.1,87.4,84.3,6.5,Bachelor's Degree,Male,No,74.0,Medium Risk
STU0926,Siddharth Gupta,15.4,70.1,77.7,6.7,High School,Male,No,60.5,High Risk
STU0927,Saanvi Sharma,12.8,77.2,78.4,7.0,High School,Female,No,66.8,Medium Risk
STU0928,Sneha Desai,25.5,85.1,67.6,7.1,High School,Female,Yes,62.8,Medium Risk
STU0929,Priya Rao,15.7,79.6,84.9,7.7,High School,Female,No,73.5,Medium Risk
STU0930,Tanvi Reddy,11.8,91.8,67.5,6.8,Associate Degree,Female,Yes,72.7,Medium Risk
STU0931,Meera Singh,20.2,77.5,95.0,7.1,Bachelor's Degree,Female,Yes,77.3,Medium Risk
STU0932,Simran Rao,21.6,88.2,85.9,6.3,Associate Degree,Female,Yes,75.6,Medium Risk
STU0933,Pooja Mehta,28.6,92.9,65.2,7.1,High School,Female,Yes,64.2,Medium Risk
STU0934,Vivaan Desai,28.3,78.2,96.4,5.7,Associate Degree,Male,No,78.2,Medium Risk
STU0935,Dev Singh,19.6,89.0,80.2,7.6,Master's Degree,Male,Yes,78.4,Medium Risk
STU0936,Zoya Gupta,26.6,96.5,81.1,6.2,High School,Female,No,68.0,Medium Risk
STU0937,Meera Das,21.1,79.8,62.5,5.5,High School,Female,No,54.5,High Risk
STU0938,Sameer Bhat,22.4,80.1,65.4,6.6,Bachelor's Degree,Male,Yes,65.7,Medium Risk
STU0939,Jaya Verma,10.8,79.7,81.7,6.1,Master's Degree,Female,Yes,74.1,Medium Risk
STU0940,Ananya Chatterjee,29.3,85.0,86.0,6.9,Associate Degree,Female,Yes,71.0,Medium Risk
STU0941,Nisha Kapoor,18.3,79.6,77.3,9.4,Associate Degree,Female,Yes,70.7,Medium Risk
STU0942,Pooja Reddy,20.6,84.0,90.6,7.7,Bachelor's Degree,Female,No,76.4,Medium Risk
STU0943,Aarav Reddy,16.2,93.1,55.7,6.9,Bachelor's Degree,Male,Yes,59.1,High Risk
STU0944,Varun Pillai,14.2,81.7,65.5,8.1,Master's Degree,Male,No,58.6,High Risk
STU0945,Ananya Sharma,23.2,88.2,89.4,7.2,High School,Female,No,74.4,Medium Risk
STU0946,Tanvi Joshi,13.0,76.3,88.6,6.8,High School,Female,No,67.3,Medium Risk
STU0947,Ira Joshi,23.0,98.2,66.4,6.5,Associate Degree,Female,Yes,61.7,High Risk
STU0948,Reyansh Das,21.3,69.5,83.4,6.0,High School,Male,Yes,63.2,Medium Risk
STU0949,Neha Rao,20.5,79.8,100.0,6.2,Bachelor's Degree,Female,No,78.3,Medium Risk
STU0950,Karthik Kapoor,25.9,72.1,77.2,6.6,Associate Degree,Male,No,61.7,High Risk
STU0951,Nikhil Singh,16.0,80.2,86.8,7.5,Master's Degree,Male,No,71.9,Medium Risk
STU0952,Anjali Reddy,9.5,95.4,69.3,4.4,Associate Degree,Female,Yes,64.8,Medium Risk
STU0953,Sameer Das,11.9,71.2,53.4,7.5,Associate Degree,Male,No,55.9,High Risk
STU0954,Dev Rao,20.5,100.0,59.3,6.9,Associate Degree,Male,No,68.8,Medium Risk
STU0955,Reyansh Sharma,26.1,87.1,73.0,7.7,High School,Male,Yes,70.8,Medium Risk
STU0956,Arjun Singh,18.2,88.6,92.3,6.0,High School,Male,No,76.5,Medium Risk
STU0957,Anjali Iyer,18.8,97.6,62.9,8.0,Associate Degree,Female,Yes,66.1,Medium Risk
STU0958,Reyansh Patel,9.9,91.7,78.8,8.4,Bachelor's Degree,Male,No,73.7,Medium Risk
STU0959,Nikhil Gupta,18.0,87.7,82.7,5.4,High School,Male,Yes,71.7,Medium Risk
STU0960,Riya Singh,19.1,75.8,100.0,7.2,High School,Female,No,83.8,Low Risk
STU0961,Yash Anderson,17.7,100.0,77.9,6.8,High School,Male,Yes,78.9,Medium Risk
STU0962,Pooja Pillai,20.9,98.2,69.4,8.8,Associate Degree,Female,No,74.6,Medium Risk
STU0963,Siddharth Nair,17.4,91.5,79.8,7.4,Master's Degree,Male,Yes,80.3,Low Risk
STU0964,Aryan Sharma,11.2,70.7,76.4,7.7,Associate Degree,Male,Yes,62.6,Medium Risk
STU0965,Pooja Rao,9.5,80.2,37.2,6.9,Master's Degree,Female,No,50.5,High Risk
STU0966,Priya Joshi,31.1,88.0,81.1,7.4,Master's Degree,Female,No,73.5,Medium Risk
STU0967,Rohan Singh,25.1,98.0,93.4,5.8,Associate Degree,Male,Yes,84.8,Low Risk
STU0968,Nisha Menon,20.4,82.1,55.9,6.6,Bachelor's Degree,Female,Yes,59.5,High Risk
STU0969,Anjali Kumar,17.5,93.0,81.5,6.0,Bachelor's Degree,Female,Yes,76.6,Medium Risk
STU0970,Anjali Rao,23.1,94.0,65.5,6.5,Associate Degree,Female,Yes,67.2,Medium Risk
STU0971,Reyansh Joshi,14.9,100.0,83.9,8.6,High School,Male,No,71.8,Medium Risk
STU0972,Isha Pillai,24.2,86.7,66.2,7.3,Associate Degree,Female,Yes,60.3,High Risk
STU0973,Pooja Joshi,18.6,86.6,74.4,7.6,High School,Female,Yes,61.6,High Risk
STU0974,Rahul Singh,15.4,63.6,70.9,9.5,Associate Degree,Male,Yes,52.7,High Risk
STU0975,Riya Kumar,16.5,100.0,84.2,6.2,Bachelor's Degree,Female,No,71.3,Medium Risk
STU0976,Simran Pillai,22.0,85.7,93.3,7.0,High School,Female,Yes,73.8,Medium Risk
STU0977,Aditya Chatterjee,20.4,73.3,83.2,8.4,Master's Degree,Male,No,70.7,Medium Risk
STU0978,Nikhil Joshi,14.7,61.8,76.5,5.2,Associate Degree,Male,No,62.4,Medium Risk
STU0979,Vihaan Mehta,15.0,86.9,93.7,8.4,Associate Degree,Male,No,79.6,Medium Risk
STU0980,Jaya Chatterjee,15.2,89.1,90.0,8.0,High School,Female,Yes,79.0,Medium Risk
STU0981,Sameer Bhat,16.6,81.0,82.3,6.1,Bachelor's Degree,Male,No,71.2,Medium Risk
STU0982,Vivaan Joshi,25.0,80.2,90.7,7.6,High School,Male,No,73.6,Medium Risk
STU0983,Reyansh Verma,26.0,99.8,74.4,7.5,Bachelor's Degree,Male,Yes,75.9,Medium Risk
STU0984,Anjali Chatterjee,7.4,88.5,58.7,9.1,High School,Female,Yes,61.1,High Risk
STU0985,Myra Anderson,14.1,83.2,94.9,7.4,Associate Degree,Female,No,75.0,Medium Risk
STU0986,Jaya Rao,21.3,97.3,79.2,7.2,High School,Female,No,76.1,Medium Risk
STU0987,Karthik Mehta,14.6,97.1,81.6,6.0,Associate Degree,Male,No,76.0,Medium Risk
STU0988,Vihaan Joshi,13.8,83.4,67.1,7.9,Bachelor's Degree,Male,Yes,62.4,Medium Risk
STU0989,Pooja Pillai,18.9,88.3,79.3,6.0,Bachelor's Degree,Female,Yes,69.1,Medium Risk
STU0990,Pooja Das,18.9,69.5,71.0,7.1,Master's Degree,Female,No,72.1,Medium Risk
STU0991,Rohan Das,14.9,85.1,96.2,7.6,Bachelor's Degree,Male,Yes,73.0,Medium Risk
STU0992,Ishaan Sharma,14.8,81.9,62.5,7.0,Bachelor's Degree,Male,No,57.8,High Risk
STU0993,Ira Gupta,21.9,97.0,67.8,7.8,Bachelor's Degree,Female,No,75.7,Medium Risk
STU0994,Raj Bhat,16.7,87.3,56.5,4.3,Associate Degree,Male,Yes,59.2,High Risk
STU0995,Ishaan Pillai,16.3,87.9,74.1,4.8,Bachelor's Degree,Male,Yes,70.9,Medium Risk
STU0996,Sneha Kapoor,29.8,77.2,85.2,9.1,Bachelor's Degree,Female,Yes,70.3,Medium Risk
STU0997,Ananya Chatterjee,9.5,100.0,77.9,5.1,High School,Female,No,71.1,Medium Risk
STU0998,Krishna Verma,25.8,62.3,73.9,5.2,Bachelor's Degree,Male,Yes,49.9,High Risk
STU0999,Pooja Pillai,14.0,81.9,72.0,7.8,Bachelor's Degree,Female,No,63.2,Medium Risk
STU1000,Reyansh Reddy,17.9,65.3,57.6,7.2,Associate Degree,Male,Yes,54.3,High Risk
